<songs>
  <song name="lostPlace_loop">
    <title>Camellia - The Lost Place In The New World</title>
    <source>http://relicofcyphisonia.jp/</source>
    <rhythm>o...:.:.x...:.:.o...:.:.x...:.:.o...:.:.x...:.:.o...:.:.-+-+-+-+o...:.:.x...:.:.o...:.:.x...:.:.o...:.:.x...:.:.o...:.:.-+-+-+-+o...:.:.x...:.:.o...:.:.x...:.:.o...:.:.x...:.:.o...:.:.-+-+-+-+o...:.:.x...:.:.o...:.:.x...:.:.o...:.:.x...:.:.o...:.:.-+-+-+-+o...:.:.x...:.:.o...:.:.x...:.:.o...:.:.x...:.:.o...:.:.-+-+-+-+o...:.:.x...:.:.o...:.:.x...:.:.o...:.:.x...:.:.o...:.:.-+-+-+-+o...:.:.x...:.:.o...:.:.x...:.:.o...:.:.x...:.:.o...:.:.-+-+-+-+o...:.:.o...o.......o...x...o.......o...x...o.......o...o.o.o-o.o.....x.O...--x.o.....X.O...--x.o.....x.O...--x.o.....X.:.:.---.o...-.x.O-....X.O.....X.O...--x.o.....X.O...--x.o.....X.:.:.---.o.....x.O...--x.o.....X.O...--x.o.....x.O...--x.o.....X.:.:.---.o...-.x.o...-.X.O.....X.O.....x.o.....x.o.....x.o.....x.o.:.:.:.o.....x.O...--x.o.....X.O...--x.o.....x.O...--x.o.....X.:.:.---.o...-.x.O-....X.O.....X.O...--x.o.....X.O...--x.o.....X.:.:.---.o.....o.O...o--.-.O.O...O...---.o.....o.O...o--.-.O.O...O...---.o~......~.......~.......~.......xxxx..o.o.o.x...o.x.x...x...x.x.</rhythm>
    <buildup>lostPlace_build</buildup>
    <buildupRhythm>o.:.:.:.~.......-.:.:.:.~.......-.:.:.:.~.......-.:.:.:.~.......-.:.:.:.~.......-.:.:.:.~.......-.:.:.:.~.......o.:.O.X...X...X.o.:.O.:.O...O...o.:.O.:.O...O...o.:.O.:.O...O...o.:.O.:.O...O...o..oo..oo..oo.o..|||||||o~o~o~o~||||..o.o.o.x...o.x.x...x...x.x.</buildupRhythm>
  </song>
</songs>
