<songs>
  <song name="daughter">
    <title>Youth (ft. Sarah Kingsmill) || Daughter (nimino Remix)</title>
    <source>https://soundcloud.com/lesolmusique/youth-ft-sarah-kingsmill-daughter-nimino-remix</source>
    <rhythm>o....:..:....:..x.......-...-...-...-...o.......x....-..-...-...o....:..:....:..x.......-+.-+-+.-+..x+..o.......=...~...:....:..o....:..:....:..x.....-.-....-......X...o.......x...:...:....:..o....:..:....:..=.......-....-......x...o.......=.......~.......o....:..:....:..x.......-...-...-...-...o.......x....-..-...-...o....:..:....:..x.......-+.-+-+.-+..x+..o.......=....-..-....-..=....:..:....:..x....-..-....-......X...o.......x....:..:....:..o....:..:....:..=.......-....-......x...o.......x.......+.......o....:..:....:..x....~.-..-.-...-...x...o....-..x....-..-....-..o....:..:....:..x.....~.-....-..-...x...o.......x...-...-....:..o.......:....:..x.......-....-..-...X...o....-..x....-.......:..o....:..:....:..x.......-.......-...X...o.......x....-.......-..o....:..:....:..x.......-+.-+-+.-...x...o....-..x....-..-...-...o....:..:....:..x.......-...-...-...x...o.......x....-..-.......o....:..:....:..x.......-.......-...X...o.......x....-..........o....:..:....:..x.......-.......-...X...o.......x....-..........</rhythm>
  </song>
</songs>
