﻿<songs>
  <song name="16bit - Chainsaw Calligraphy (Kanji Kinetic Remix)">
    <title>16bit - Chainsaw Calligraphy (Kanji Kinetic Remix)</title>
    <rhythm>+.......x.......o.......x.......o.......x.......o....:..x..:~...........x.......o.......x.......o.......x.......o.......x.:.*.:.+.......x.......o.......x.......o.......x.......o....:..x..:~...........x.......o.......x.......o.......x.......o.......x.:.:.:.+.......x.......o.......x.......o.......x.......o....:..x..:~...........x.......o.......x.......o.......x.......o.......x.:.*.:.+.......x.......o.......x.......o...X...x...O...o.:.X.:.x.:.O.:.+...............................................................o.......x.......o.......x...x...o.......x.......o....:..x...O...........x.......o.......x.......o.......x.......o.......x.:.:.:.+.......x.......o.......x.......o.......x.......o....:..x..:O...o.......x.......o.......x.......o.......x.......o.......x.:.:.:.+.......x.......o.......x...x...o.......x.......o....:..x..:~...........x.......o.......x.......o.......x.......o.......x.:.*.:.o.......x.......o.......x.......o.......x.......x~......:~......+...............................................................o.......x.......o.......x...x...o.......x.......o....:..x...O...........x.......o.......x.......o.......x.......o.......x.:.:.:.+.......x.......o.......x.......o.......x.......o....:..x..:O...o.......x.......o.......x.......o.......x.......o.......x.:.:.:.+.......x.......o.......x...x...o.......x.......o....:..x..:~...........x.......o.......x.......o.......x.......o.......x.:.*.:.o.......x.......o.......x.......o.......x.......x~......:~......+...............................................................</rhythm>
  </song>

  <song name="Futret - Conte Hit and Run [Full Mix]">
    <title>Futret - Conté Hit & Run [Full Mix]</title>
    <rhythm>-~..............*~..............*~..............*~..............*~..............*~..............*~..............*~..............x~..O...O...O~..x~..O...O...O~..x~..O...O...O~..x~..O...O...O~..x~..O...O...O~..x~..O...O...O~..x~..O...O...O~..+...........x...x...o...x..*o.:.x...o...x..*o.:.x...o...x..*o.:.x...o...x..*o.:.x...o...x..*o.:.x...o...x..*o.:.x...o...x..*o.:.x...o...x...o...x...o...x..*o.:.x...o...x..*o.:.x...o...x..*o.:.x...o...x..*o.:.x...o...x..*o.:.x...o...x..*o.:.x...o...x..*o.:.x.:.o.:.x.:.o.:.X.:.::.:X:.:-.:.X.:.::.:X:.:-.:.X.:.::.:X:.:-.:.X.:.::.:X:.:-.:.X.:.::.:X:.:-.:.X.:.::.:X:.:-.:.X.:.::.:X:.:-.:.X.:.::.:X:.:-.:.X.:.O..:X:..o.:.X.:.O..:X:..o.X...:.O..:X:..o.:.X.:.O..:X:..o.X...:.O.X:.:..o.X...:.O..:O:..o.X...:.:..:X:..-.:.X.:.O..:X:O:xOX+O...o...x..*o.:.x...o...x..*o.:.x...o...x..*o.:.x...o...x..*o.:.x...o...x..*o.:.x...o...x..*o.:.x...o...x..*o.:.x...o...x...o...x...o...x..*o.:.x...o...x..*o.:.x...o...x..*o.:.x...o...x..*o.:.x...o...x..*o.:.x...o...x..*o.:.x...o...x..*o.:.x.:.o.:.x*:*o*:*x...o...x..*o.:.x...o...x..*o.:.x...o...x..*o.:.x...o...x...o.:.x...o...x..*o.:.x...o...x..*o.:.x...o...x..*o.:.x...o...x...o...x...o...x..*o.:.x...o...x..*o.:.x...o...x..*o.:.x...o...x..*o.:.x...o...x..*o.:.x...o...x..*o.:.x...o...x..*o.:.x.:.o.:.+.......x...o...x..*o.:.x...o...x..*o.:.x...o...x..*o.:.x...o...x..*o.:.x...o...x..*o.:.x...o...x..*o.:.x...o...x..*o.:.x...o...x...o...x...o...x..*o.:.x...o...x..*o.:.x...o...x..*o.:.x...o...x..*o.:.x...o...x..*o.:.x...o...x..*o.:.x...o...x..*o.:.x...o...x..*o.:.x...o...x..*o.:.x...o...x..*o.:.x...o...x..*o.:.x...o...x...o.:.x...o...x..*o.:.x...o...x..*o.:.x...o...x..*o.:.x...o...x...o...x...o...x..*o.:.x...o...x..*o.:.x...o...x..*o.:.x...o...x..*o.:.x...o...x..*o.:.x...o...x..*o.:.x...o...x..*o.:.x.:.o.:.x*:*o*:*x...o...x..*o.:.x...o...x..*o.:.x...o...x..*o.:.x...o...x..*o.:.x...o...x..*o.:.x...o...x..*o.:.x.:.o.:.x*:*o*:*x.:.o.:.x..o..x.</rhythm>
  </song>


<song name="Renard - .BUDDY">
  <title>Renard - *.BUDDY</title>
  <rhythm>x~..*.*~....::*:o~..*.*~....~*:*x~..*.*~....::*:o~..*.*~....*:*:x~..*.*~....::*:o~..*.*~....~*:*x~..*.*~....::*:o~..*.*~....*:*:</rhythm>
</song>


  <song name="Technomy - Siren Song">
    <title>Technomy - Siren Song</title>
    <rhythm>Ox+.....Oo+.....Ox+.....Oo+.....Ox+.....Oo+.....Ox+.....Ox+.....Ox+.....Oo+.....Ox+.....Oo+.....Ox+.....Oo+.....Ox+.....Ox+.....Ox+.....Oo+.....Ox+.....Oo+.....Ox+.....Oo+.....Ox+.....Ox+.....Ox+.....Oo+.....Ox+.....Oo+.....Ox+.....Oo+.....Ox+.....Ox+.....Ox+.....Oo+.....Ox+.....Oo+.....Ox+.....Oo+.....Ox+.....Ox+.....Ox+.....Oo+.....Ox+.....Oo+.....Ox+.....Oo+.....Ox+.....Ox+.....Ox+.....Oo+.....Ox+.....Oo+.....Ox+.....Oo+.....Ox+.....Ox+.....Ox+.....Oo+.....Ox+.....Oo+.....Ox+.....Oo+.....Ox+.....Ox+.....Ox+.....Oo+.....Ox+.....Oo+.....Ox+.....Oo+.....Ox+.....Ox+.....Ox+.....Oo+.....Ox+.....Oo+.....Ox+.....Oo+.....Ox+.....Ox+.....Ox+.....Oo+.....Ox+.....Oo+.....Ox+.....Oo+.....Ox+.....Ox+.....Ox+.....Oo+.....Ox+.....Oo+.....Ox+.....Oo+.....Ox+.....Ox+.....Ox+.....Oo+.....Ox+.....Oo+.....Ox+.....Oo+.....Ox+.....Ox+.....Ox+.....Oo+.....Ox+.....Oo+.....Ox+.....Oo+.....Ox+.....Ox+.....Ox+.....Oo+.....Ox+.....Oo+.....Ox+.....Oo+.....Ox+.....Ox+.....Ox+.....Oo+.....Ox+.....Oo+.....Ox+.....Oo+.....Ox+.....Ox+.....</rhythm>
  </song>
</songs>