<songs>
  <song name="eden_loop">
    <title>ATOLS - Eden</title>
    <rhythm>o.....o.........x.....................o...o.o...x...............o...........o...x...............o.....o.....o...x...............o.....o.........x.....................o...o.o...x...............o...........o...x...............o...............=...=....=......</rhythm>
    <buildup>eden_build</buildup>
    <buildupRhythm>-.-.-...-.=...-.|.|.-.-.|.|.|.|.xxxxxxxx+.......|x|x|x|x|:::::::|.|.|.|.********=:~.-:::(.:.:.:.-.-.-.-.-:.:::=~~S......S..S..S...=..=..=.=.=.=.=.=.=.=.=+|.|.|.ooooooooIs......Iooooooo=.=.=.=.o.|.|.|.-*-*-*-*-.*.*.*.I.*.*.*.I.*.*.*.I.*.*.I.*.*.*.*.*.*.*.*.</buildupRhythm>
  </song>
</songs>
