<songs>
  <song name="verticalSmoke">
    <title>Elenne - Vertical Smoke</title>
    <source>https://www.youtube.com/watch?v=Qbl19IeThOs</source>
    <rhythm>o..XOX+.x~~~~~~~|.|.|.|.xs......o..XOX+.x..-.=..I...I..I..:.-...I~~~~~~~I...-...-iI..iI..iI.-...I~...XXXx.o.I..Io...-...:.:.x.o.o~~~~~~~||||x.|.I..iIi.o~...x...o...I...I~..----I..iIiOoO.I.o..io..XOX+.x...-..-...--.-.-.-.Is.io...:.:.o...:.:.I...-...-.:.Is..o...-...-..-:..--..--..IS...S...I...-...o...----o..--..-O.o:o:o:o..XOX+.x..-...--..--..I~...----I..-...--...-.-.O|||-.-I~.:.s...I~..-...x...-.-.O..--.-.-.I.i~..o...I.ooI...----o..--.-.-.I.i..:o...(...x...(..:..:.(.:.:..:(~..x.o...o.x..o..o.x.o.x.o.xx.xx.:.</rhythm>
    <buildup>verticalSMoke_build</buildup>
    <buildupRhythm>-...-..--.s.....</buildupRhythm>
  </song>
</songs>
