<songs>
  <song name="karate_loop">
    <title>BABYMETAL - KARATE</title>
    <rhythm>o~..........~...........O.......x~..............o~..............~...........=...........O.......x~..............o~..............o~..........~...........O.......x~..............o~..............o...o...o.......o.......o...o...o.......o.......o...o...o.......o~..........~...........O.......x~..............o~..............~...........=...........O.......x~..............o~......~.......=......~................O.......x~..............o...............-.+..-.+..-.+...-.+..-.:..:.+...o...:....:.....I~.......~.......I~..........~...........O.......x~..............o~..............~...........=...........O.......x~..............o~......~.......o~.....~................O.......x~..............o~......o...o...o...o...o.......o.......o...o...o.......o.......o...o...o.......o~..........~...o.......O.......x~..............o~..............o~......X~......o.......X...X...x~......X.......o...X...X...X...o...O...O...O...x...O...O...O...x...O...O...O...x...O...O...O...x...x...O...O...O...O...o...o...o...o...o...O...x...x...x...x...</rhythm>
    <buildup>karate_build</buildup>
    <buildupRhythm>x...............................................................................................................................................................................................................................................................o...............................................................................................................................................................................................................................................................</buildupRhythm>
  </song>
</songs>
