<songs>
  <song name="daijo-loop">
    <title>Perfume - だいじょばない</title>
    <source>https://www.youtube.com/watch?v=PoWoWiqI3aM</source>
    <rhythm>o.:.-.:.x.-.-.-.o.:.-.-.X.-.-.-.o.:.-.:.x.-.-.-.o.:.-.-.X.-.-.-.o.:.-.:.x.-.-.-.o.:.-.-.X.-.-.-.+...-.:.x.-.-.-.(.o.o.o.X.o.o.o.o.:.-.:.x.-.-.-.o.:.-.-.X.-.-.-.o.:.-.:.x.-.-.-.o.:.-.-.X.-.-.-.o.o.o.o.x.-.-.-.o.o.o.o.X.-.-.-.I...=...=...=...S..S.S..S.S..S.i</rhythm>
    <buildup>daijo-build</buildup>
    <buildupRhythm>-...-...|.|.|.|.-.+.-.-.+.-.-.-.-...-...|.|.|.|.-.+.-.-.+.-.-.-.-...-...|.|.|.|.-.+.-.-.+.-.-.-.x.+.x.+...x.O.o.o...o.x...o.x...o...-...x.|.|.|.o...o.-.X.-.-.-.-...o...x.|.|.|.o...o.-.X.-.-.-.o...-...x.|.|.|.o...o.o.X.-.-...-...=...=...=...S.......S...:.:.</buildupRhythm>
  </song>
</songs>
