<songs>
  <song name="journey_loop">
    <title>Seven Lions - The Journey</title>
    <source>https://soundcloud.com/seven-lions/seven-lions-the-journey</source>
    <rhythm>o~..............x..x..x.x..x.x..o~..............x~..............o~..............x..x..x.x..x.x..o~..............x~..............o~..........oooox..I..x.I..x.x..o~..............x~..............o..+.x..+..x..+.o..x..x.x..x.x..o....o.....ooooox.......I~......I~..............x..x..x.x..x.x..o~......~.......x~......~.......o~......~.......x..x..x.x..x.x..o~......~.......x~......~.......o~......~.......x..x..x.x..x.x..o~......~.......x~......~.......o~..........o...x.......x..x.x..o.......o.......x.......o.:.:.:.</rhythm>
    <buildup>journey_build</buildup>
    <buildupRhythm>x..+.x..+.x..+..x..+.x..+.x..+..</buildupRhythm>
  </song>
</songs>
