<songs>
  <song name="kirakira-loop">
    <title>さわわ - きらきらタイム☆</title>
    <source>https://www.youtube.com/watch?v=-yVkSLc_jmI</source>
    <rhythm>o.-.x.-.o.i.X.I.O.-.x.-.o.i.X.I.O.-.x.-.o.i.X.I.O.-.x.-.o.ooo.o.o.-.x.-.o.i.X.I.O.-.x.-.o.--x---o.--x.-.o.-.x----+.-+.-+.-+.-+-+o.:.x.-.o.i.X.I.O.-.x.-.o.i.X.I.O.-.x.-.o.i.oox.I.xooox.o.xoo.x.o.-.x.-.o.i...S...I.o.-.x.xoooxoo.--o.-.o.-oo.x.=~~~i~~~~i~~~i~i</rhythm>
    <buildup>kirakira-built</buildup>
    <buildupRhythm>+...-:::o.:.:.:.:.:.:.:.:.:.:.:.o.:.o.:.o.:.:.:.:.:.:.:.o.:.o.:.o.:.o.:.o.:.x.:.o.:.x.xxo.:.x.:.o.:.x.xxo.x.x.x.ooxoooxo+.............(.o.:.x.:.o.:.x.:.o.:.x.:.o.:.x.:.o.:.x.:.o.:.x.:.o.:.x.:.o.:.x.:.o.:.x.:.o.:.x.:.o.:.x.:.o.:.x.:.o.:.x.:.o.-.+.-...S.S.S.(.......</buildupRhythm>
  </song>
</songs>
