<songs>
  <song name="cascade_loop">
    <title>Kubbi - Cascade</title>
    <source>https://soundcloud.com/kubbi/cascade</source>
    <rhythm>o~..~...x~......o...:...x.:...:.I.+.-.:.I~......o...:...x...:...o~..~...||||..-.O.-...i.I~..I.I.o~......x.:...i.o.i.----x~..~...o~......x.:...:.o.||..:.x~..:.:.o.i~....I.....:.o.i.i.:.+.-.....o~..~...x~......o.+.o...x~....~.o~......x---=...o.X~....x.------o+..=...x...~...o.+.o.+.x.i...i.o~..~...x.------o~..-...x~..~...o...+...x...+...o...+...x...+...o+..o:::x:::x:::o:o:o:o:x:+.x:x:</rhythm>
  </song>
</songs>
