<songs>
  <song name="Roguebot_loop">
    <title>Alex Centra - Roguebot [Inspected]</title>
    <source>https://www.youtube.com/watch?v=QV9aAbxCDvA</source>
    <rhythm>o...x..o:..oxo:.o.:.x..o:.o.x.:.o...x..o:..oxo:.o.:.x..o:.o.x.:.o...x..o:..oxo:.o.:.x..o:.o.x.:.|||.x..o:..oxo:.o.i.I..o:.o.x.:.o...x..o:..oxo:.o.:.x..o:.o.x.:.o...x..o:..oxo:.o:::x..o:.o.x.:.o...x..o:::oxo:.o.:.x..o:.o.x.:.I...I...I...I...oi..:.IOx.o.x.::</rhythm>
    <buildup>Roguebot_build</buildup>
    <buildupRhythm>-*s*sss--*s*sss--*s*sss--*s*sss--*s*sss--*s*sss--*sS..S..S..+...-*s*sss--*s*sss--*s*sss--*s*sss--*s*sss--*s*sss--*sS..S..S..+...-*s*sss--*s*sss--*s*sss--*s*sss--*s*sss--*s*sss--*sS..S..S..+...-*s*sss--*s*sss--*s*sss--*s*sss--*s*sss--*s*sss--*sS..S..S..+...------------+...------------¤...------------+...------------||||------------+...------------¤...------------+...------------¤...------------+...------------¤...------------+...------------¤...------------+...------------¤...------------+...------------</buildupRhythm>
  </song>
</songs>
