<songs>
  <song name="hopstep_loop">
    <title>AAAA - Hop Step Adventure</title>
    <rhythm>|...|...|...|...|##########.|.|.|###+.|###+.|.+.|######.|.|.|.|.|##########.|.|.|######.|######.|###+.|###+.|#+.|######.|######.|##########.|.|.|##########.|.|.|##.|...|##.|...|||||||||||||||||##.|.|.|||||||||.|.|.|.|.|.|.|.|.#.#...|##.|.|.|.|.|.|.|.|.|.|.|##.|...|.|.|...|##########.|.|.|###+.|###+.|###|######.|.|.|.|.|##.|.|##.|.|.|.|######.|...|...|###+.|###+.|#+.|###|.|.|.|.|.|.|####.|.|.|.|#|.|###|.|.|.|.|.|.|##.|..||##.|...|||||||||||||||||##.|.|.|||||||||.|.|.|.|.|.|.|.|#¤#+...|.|.|.|.|.|.|.|.|.|.|.|.|##########.|.|.|######.|.|.|.|.|...|...|...|...|######.|######.|##########.|.|.|######.|######.|###+.|###+.|#+.|...|...|...|...|###@##.|||||||||###@##.|||||||||###@##.|||||||||###@##.||||||||@.|.|.|.|.|.|.|.@.|.|.|.|.|.|.|.@.|.|.|.|.|.|.|.@.|.|.|.|.|.|.|.</rhythm>
    <buildup>hopstep_build</buildup>
    <buildupRhythm>...............|.|..............@.#...#...#...#.#...#...|.|.|.|.</buildupRhythm>
  </song>
</songs>
