<images>
    <image name="Linux">
        <align>right</align>
    </image>
    <image name="Doom Train">
        <fullname>Doom Train</fullname>
        <frameDuration>45</frameDuration>
    </image>
    <image name="Gromit">
        <fullname>Gromit</fullname>
        <frameDuration>45</frameDuration>
    </image>
    <image name="Depression">
        <align>right</align>
    </image>
    <image name="Sweatin">
        <align>right</align>
    </image>  
    <image name="It's a Unix System!">
        <align>right</align>
    </image>
    <image name="CLang">
        <fullname>The C Programming Language</fullname>
        <align>right</align>
    </image>
    <image name="Thunderbird">
        <align>left</align>
    </image>  
        <image name="fflush">
    <align>left</align>
    </image>
</images>
