<songs>
  <song name="Spooky_Skeletons_Remix">
    <title>MLW - Spooky Skeletons Remix</title>
    <source>https://www.youtube.com/watch?v=q6-ZGAGcJrk/</source>
    <rhythm>o.......x.......o.......x.......o.......x.......o.......x.......o.......x.......o.......x.......o.......................x.......o.......x.......o.......x.......o.......x.......o.......x.......o.......x.......o.......x.......o.......................x.......o.......x.......o.......x.......o.......x.......o.......x.......o.......x.......o.......x.......o.......................x.......o.......x.......o.......x.......o.......x.......o.......x.......o.......x.......o.......x.......o.......................x.......</rhythm>
    <buildup>Spooky Skeletons MLW Remix 1 Buildup</buildup>
    <buildupRhythm>x.......o.......x.......o.......x.......o.......x.......o.......x.......o.......x.......o.......x.......o.......x........o.......x.......x.......o.......x.......o.......x.......o........x.......o.......x.......x.......o.......x.......o.......x.......</buildupRhythm>
  </song>
  <song name="Spooky_Scary_Skeletons_Tombstone_Remix">
    <title>Spooky Scary Skeletons Tombstone Remix</title>
    <source>https://www.youtube.com/watch?v=q6-ZGAGcJrk/</source>
    <rhythm>o.......x.......o.......x.......o.......x.......o.......x.......o.......x.......o.......x.......o.......x.......o.......x.......o.......x.......o.......x.......o.......x.......o.......x.......o.......x.......o.......x.......o.......x.......o.......x.......o.......x.......o.......x.......o.......x.......o.......x.......o.......x.......o.......x.......o.......x.......o.......x.......o.......x.......o.......x.......o.......x.......o.......x.......o.......x.......o.......x.......o.......x.......o.......x.......o.......x.......o.......x.......o.......x.......o.......x.......o.......x.......</rhythm>
    <buildup>Spooky_Scary_Skeletons_Tombstone_Remix_Buildup</buildup>
    <buildupRhythm>..........x.....o.....x.....o.....x.....o.....x.....o.....x.....o.....x.....o.....x.....o.....x.....o.....x.....o.....x.....o.....x.....o.....x.....o.......................o.....x.....o.....x.....o.....x.....o.....x.....o.....x.....o.....x.....o.....x.....o.....x.....o.....x.....o.....x.....o.....x.................o.....x.....o.....x.....o.....x.....o.....x.....o.....x.....o.....x.....o.....x.....o.....x.....o.....x.....o.....x.....o.....x.................o.....x.....o.....x.....o.....x.....o.....x.....o.....x.....o.....x.....o.....x.....o.....x..........x..........x..........x..........x.....o.....x......</buildupRhythm>
  </song>
  <song name="Rose_At_Nightfall">
    <title>Rose At Nightfall</title>
    <source>https://www.youtube.com/watch?v=q6-ZGAGcJrk/</source>
    <rhythm>o.......x.......o.......x.......o.......x.......o.......x.......o.......x.......o.......x.......o.......x.......o.......x.......o.......x.......o.......x.......o.......x.......o.......x.......o.......x.......o.......x.......o.......x.......o.......x.......o.......x.......o.......x.......o.......x.......o.......x.......o.......x.......o.......x.......o.......x.......o.......x.......o.......x.......o.......x.......o.......x.......o.......x.......o.......x.......o.......x.......o.......x.......o.......x.......o.......x.......o.......x.......o.......x.......o.......x.......o.......x.......</rhythm>
    <buildup>Rose_At_Nightfall_Buildup</buildup>
    <buildupRhythm>.............................................................................x...................................................................................................................................................x.........................................................................x...........................................................................x..........................................................................</buildupRhythm>
  </song>
  <song name="Krewella - One Minute">
    <title>Krewella - One Minute Remix</title>
    <rhythm>x.......o.......x.......o.......x.......o.......x.......o.......x.......o.......x.......o.......x.......o.......x.......o.......x.......o.......x.......o.......x.......o.......x.......o.......x.......o.......x.......o.......x.......o.......x.......o.......x.......o.......x.......o.......x.......o.......x.......o.......x.......o.......x.......o.......x.......o.......x.......o.......x.......o.......x.......o.......x.......o.......x.......o.......x.......o.......x.......o.......x.......o.......x.......o.......x.......o.......x.......o.......x.......o.......x.......o.......x.......o.......x.......o.......x.......o.......x.......o.......x.......o.......x.......o.......x.......o.......x.......o.......x.......o.......x.......o.......x.......o.......x.......o.......x.......o.......x.......o.......x.......o.......x.......o.......x.......o.......x.......o.......................................................................................................................................................................</rhythm>
    <buildup>Krewella - One Minute Buildup</buildup>
    <buildupRhythm>................................................................</buildupRhythm>
  </song>
  <song name="Watcha Say">
    <title>Watcha Say</title>
    <rhythm>x.o.x.o.x.o.x.o.x.o.x.o.x.o.x.o.x.o.x.o.x.o.x.o.x.o.x.o.x.o.x.o.x.o.x.o.x.o.x.o.x.o.x.o.x.o.x.o.x.o.x.o.x.o.x.o.x.o.x.o.x.o.x.o.</rhythm>
  </song>
  <song name="Prayer in C (Robin Schulz Remix)">
    <title>Prayer in C (Robin Schulz Remix)</title>
    <rhythm>x.......x...x.x........x..........x.....x......x.......x~...........x........x......x.....x..........x..x...........x.........x.....x.....x..........x..x.x........x......x..</rhythm>
  </song>
  <song name="Basshunter - I Can Walk On Water">
    <title>Basshunter - I Can Walk On Water</title>
    <rhythm>x..o..x..o..x..o..x..o..x..o..x..o..x..o..x..o..x..o..x..o..x..o..x..o..x..o..x..o..x..x..o..x..o..x..o..x..o..x..o..x..o..x..o..x..o..x..o..</rhythm>
  </song>
  <song name="Sonny 2 Boss Theme">
    <title>Sonny 2 Boss Theme</title>
    <rhythm>=...........|............|.=.......|...=.......|.....|..|=..|....|..=..|.........|=..........|....|.....|........|x.....o...x.|..|....=..|..|=.....................................=................=....................................=................................=.................=..................=............x...........x.........x............x..........=..........=..............x..........o........=..............o...........x........=...o...........x.........x..o..........x............o..........x...........o...........x..............................</rhythm>
    <buildup>Sonny 2 Boss Theme Buildup</buildup>
    <buildupRhythm>=....................................................................................................................................</buildupRhythm>
  </song>
</songs>