<songs>
  <song name="getit_loop">
    <title>Krewella - Come And Get It (Razihel Remix)</title>
    <source>https://www.youtube.com/watch?v=2LeKMGwNaqs</source>
    <rhythm>o.--x-..o---x-sso.--x---I~==.-::I.--x-..o---Ss||I~:~=.:~o~:~I-xxo.--x-|.o---x:sso.--x---I~==.-::I.--x-..o---Ss||I~:~=~:~o~:~I-xxS...||||O|||x.x.S...||||O|||x~~~S...||||O|||x.x.I::-O.+.o~:=..+.Is..||||O|||x.x.S...||||O|||X~~~S...||||O|||x.x.I~x~x~:~o~o~Iooo</rhythm>
    <buildup>getit_build</buildup>
    <buildupRhythm>+........................I~~:::i</buildupRhythm>
  </song>
</songs>
