<songs>
  <song name="anytime_loop">
    <title>Sunsquabi - Anytime</title>
    <source>https://soundcloud.com/sunsquabi/anytime</source>
    <rhythm>o.....o.x.-.-...-...o.-.X...O.-.o.-.-.O.x...-.-.....o...X.o.....o.....o.x.-.-...-...o.-.X...O.-.o.-.-.O.x...-.-.....o...X.o.....o.....o.x.-.-...-...o.-.X...O.-.o.-.-.O.x...-.-.....o...X.o.....o.....o.x.-.-...-...o.-.X...O.-.o.-.-...-...-.-...x.o.o.x...o.-.o.....o.x.-.-...-...o.-.X...O.-.o.-.-.O.x...-.-.....=.~.X.o~....o~....o.x.-.o...-...-.o.X...O.-.o.-.-.O.x...-.-.....o.o.x...o...o.....o.x.-.-...-...o.-.X...O.-.o.-.-.O.x...-.-.....=.~.X.o~....o~....o.x.-.-...-...o.-.X...O.-.|.|.|...|...|.|.x.o.o...x...o+..</rhythm>
    <buildup>anytime_build</buildup>
    <buildupRhythm>-...:...-...:...-...:...-...:...-...:...-...:...-...:...-...:...-...:...-...:...-...:...-...:...-...:...-...:...-...:...-...:...-...:...-...:...-...:...-...:...-...:...-...:...-...:...-...:...-...:...-...:...-...:...-...:...-...:...-...:...-...~...=...~.~.-...:...-~.::...-...:.:.*...:...-~.::...-...:.:.*...:...-...:...-...:...-~.::...-...:.:.*...:...-~.::...-...:.:.*...:...-...:...-...:...~..::...-...:.:.*...:...-~.::...-...:.:.*...:...-...:...-...:...-~.::...-...:.:.*...:...-~.::...-...:.:.*...~...=...~.~.</buildupRhythm>
  </song>
</songs>
