<songs>
  <song name="flamingo_loop">
    <title>Kero Kero Bonito - Flamingo (WTN3 Remix)</title>
    <source>https://soundcloud.com/mrsuicidesheep/kero-kero-bonito-flamingo-wtn3-remix</source>
    <rhythm>o.:.:.:.x.:.o.:.:.:.o.:.x.:.o.:.o.:.:.:.x.:.o.:.:.:.o.:.x:::o:::o.:.:.:.x.:.o.:.:.:.o.:.x.:.o.:.o.:.:.:.x.:.o.:.:.:.o.:.=.....o.o.:.:.:.x.:.o.:.:.:.o.:.x.:.o.:.o.:.:.:.x.:.o.:.:.:.o.:.x:::::::o.:.:.:.x.:.o.:.:.:.o.:.x.:.o.:.o.:.:.o.x.:.o.:.:.o.:.:.=.......o.:.:.o.x.:.o.||:.:.o.:.x.:.o.:.o.:.:.:.x.:.o.||:.:.o.:.x:::::o.o.:.:.o.x.:.o.:.||:.o.:.x.:.o::.o.:.:.:.x.:.o.:.:.:.o.:.=.......o.:.:.o.x.:.o.||:.:.o.:.x.:.o.:.o.:.:.:.x.:.o.||:.:.o.:.x:::::o.o.:.:.o.x.:.o.:.:::.o.:.x.:.o::.o.:.:.:.x.:.o.:.:.:.o.:.=.......</rhythm>
    <buildup>flamingo_build</buildup>
    <buildupRhythm>=...:.....:.....:......+............-.....-.....-...:...:...:...:...-.....-.....-...:...+.......-...:.....:.....:...~...+...-...</buildupRhythm>
  </song>
</songs>
