<songs>
  <song name="pretender_loop">
    <title>Title</title>
    <rhythm>o...x.....o.x.....o.x.....o.x...o...x.....o.x.....o.x.....o.x...o...x.....o.x.....o.x.....o.x...o...x.....o.x...o.o.x.x.o.o.xxxxxo..x.....o.x.....o.x.....o.x...o...x.....o.x.....o.x.....o.x...o...x.....o.x.....o.x.....o.x...-.-.-...-...-.-.-.-.-.=...o.xxxx</rhythm>
    <buildup>pretender_build</buildup>
    <buildupRhythm>+.......I...-I..--..~.~.~.~.i~..I....=...-+.-+..-+..-+..-+.-.i~.o....I--.-::::::::.:.:.:.I~..i..-O~::-:::-:::-:::-:::-..I.I.I.I.o.+......-.~.~.~.-.~.~.~.-..-...||+.||+.||+.||+..||+.||+.I~.~.~io.=.=.=.-.-.-.-.=...i....I...----I...----I..----.||||-.-.o.-.|||(~...~..=.......=.......=.......=.......=.......=.......=.......=.......=.......=.......=.......=.......=.......=.......=.......=.......=.......=...~...=.......=.......=.......=.......=.......=.......=.......=.......=.......=.......=.......=.......+.......o+..o+..o+..o+..o---o---o---o+..o...x.....o.x.....o.x.....o.x...o...x.....o.x.....o.x.....o.x...o...x.....o.x.....o.x.....o.x...o...x.....o.x.....o.x...--o.x...o...x.....o.x.....o.x.....o.x...o...x.....o.x.....o.x.....o.x...o...x.....o.x.....o.x.....o.x...o...x.....o.x....o.o.x.x.o.o.xxxxo..x.....o.x.....o.x.....o.x...o...x.....o.x.....o.x.....o.x...o...x.....o.x.....o.x.....o.x...o...x.....o.x.....o.x...xxo.x.o.o...x.....o.x.....o.x.....o.x...o...x.....o.x.....o.x.....o.x...o...x.....o.x.....o.x.....o.x...o...x.....o.x.....o.x.....o.x...(........(.......(.......(...........=.....=..~.....=......=~~~~.o.o.x.o...x.....o.o.x.o...xxx+..</buildupRhythm>
  </song>
</songs>
