<songs>
  <song name="torial-loop">
    <title>Bemani Sound Team - TWO-TORIAL</title>
    <source>https://www.youtube.com/watch?v=M7r7LcB6LCA</source>
    <rhythm>|.-.|.-.=..S.s..o...o...o...o...|.-.|.-.=..S.s..-...-...|.|.|.|.-...i.:.I...i.:.I...i.:.I...i.:.I...=...=...-:::::::::::::::::::|.-.|.-.=..S.s..o...o...o...o...|.-.|.-.=..S.s..-...-...|.|.|.|.o.+.-.o.+..o.+..o.+.-.o.+..o.+..|.|.|.|.|.|.|.|.o~..o~..o~..o~..|.-.|.-.=..S.s..o...o...o...o...|.-.|.-.=..S.s..-...-...|.|.|.|.-...i.:.I...i.:.I...i.:.I...i.:.I...=...=...-:::::::::::::::::::|.-.|.-.=..S.s..o...o...o...o...|.-.|.-.=..S.s..-...-...|.|.|.|.I...i...I...i...I...i...I...i...|.|.|.|.|.|.|.|.o.+.o.+.o.+.o.+.</rhythm>
    <buildup>torial-build</buildup>
    <buildupRhythm>o...o...x.o.x.x.x.x.o.o.S.......i~......................................................is......o...x...x...x.~.:.:.x...o...x...o...x...-...x...|.|.|.|.S.......i~......................................................is......o...x...x...x.:.:.:.x...o...x.x.o...S.......x...|.|.|.|.S.......i~......................................................................................................................is......o...|.|.o...x.:.:.:.x...o...x.x.x.+.x.:.o...x..x.o.S....x...x.:.:.:.x...o...|.o.x.:.:...o...x.:.:.:.x.:.o...x.x.S..x....S.......i~......................................................................................................................is......o...|.|.o...x.:.:.:.x...o...x.x.x.+.x.s.....x.x..o.x....x...x.:.:.:.x...o..x....x.o.x...o...x.:.o.:.x...-...x.x.x.x.x..=~~~~~~~~o..o.o...o.o...o...o...x...o.o.:...o...o...o.o...o...o...o.x....o..o.o...o.o...o...o...x...o.o.:...o...o...o.o...o...o...o.x....o..o.o...o.o...o...o...x...o.o.:...o...o...o.o...o...o...o.x....o..o.o...o.o...o...o...x...o.o.:...o...o...o.o...o...o...o.x....=.......=.......=......=.......=...............=........=......=.~..~...=......=.......=.......=.......-...|.|.|.|.-.+.-.+.-.+.</buildupRhythm>
  </song>
</songs>
