<songs>
  <song name="pika_loop">
    <title>Pika Girl - S3RL</title>
    <source>https://www.youtube.com/watch?v=dCrLMwDz5qE</source>
    <rhythm>I...I...I.I.-...o...-...o...-.-...~.~.~.o...-...o...-...=.~.-.-...-...-.=.~.~.~.o...-...o...-.-...~.~.~.o...-...o.o.o.o.o.o.o.o.+...........(...o...o...o...o...o...o...o...o...o...o...o...o...o...o...o...o...o...o...o...o...o...o...o...o...o...o...o...o...o...o...o...o...o.:.o.:.o.:.o.:.o.:.o.:.o.:.o.:.o.:.o.:.o.:.o.:.o.:.o.:.o.:.o.:.o.:.o.:.o.:.o.:.o.:.o.:.o.:.o.:.o.:.o.:.o.:.o.:.o.+.o.+.o.~.~.~.o.:.o.:.o.:.o.:.o.:.o.:.o.:.o.:.o.:.o.:.o.:.o.:.o.:.o.:.o.:.o.:.o.:.o.:.o.:.o.:.o.:.o.:.o.:.o.:.o.:.o.:.o.:.o.:.o.:.o.:.o.:.o.:.o.~.............=...............=...............=...............o.:.o.:.o.:.o.:.o.:.o.:.o.:.o.:.o.~...~...~.........)...(.......</rhythm>
    <buildup>pika_build</buildup>
    <buildupRhythm>+.................................(...~...~...~...=...~...~...~...=...~....~..~..~...||+........-.O~.......~.......=......~.......=.......~.......=.......~.......=.......~.......=.......~.......=.......~.......=.......~.......o...O...o...O...o...O...o...O...o...O...o...O...o...O...o...O...o...o...o...o...o...o...o...o...o.o.o.o.o.o.o.o.=.=.=...(.......o...o...o...o...o...o...o...o...o...o...o...o...o...o...o...o...o...o...o...o...o...o...o...o...o...o...o...o...o...o...o...o...o.:.o.:.o.:.o.:.o.:.o.:.o.:.o.:.o.:.o.:.o.:.o.:.o.:.o.:.o.:.o.:.o.:.o.:.o.:.o.:.o.:.o.:.o.:.o.:.o~..-.=...=...=.............+...</buildupRhythm>
  </song>
</songs>
