<songs>
  <song name="oldosu_loop">
    <title>nekodex - welcome to osu!</title>
    <source>https://soundcloud.com/nekodex/welcome-to-osu</source>
    <rhythm>o.o..x..:o..oo..x..:.o.o..x..:o..oo..x..:.o.o..x..:o..oo..x...:.o.o..x..:o..oo..x..:xo.o..x..:o..oo..x..:.o.o..x..:o..oo..x...:.o.o..x..:o..oo..x..:.o.o..x..:o..oo..x..oxo.o..x..:o..oo..x...:.o.o..x..:o..oo..x..:.o.o..x..:o..oo..x..:.o.o..x..:o..oo..x...:xo.o..x..:o..oo..x..:.o.o..x..:o..oo..x..:.o.o..x..:o..oo..x...:.o.o..x..:o..oo..x..oxo.o..x..:o..oo..x..:.o.o..x..:o..oo..x...:.o.o..x..:o..oo..x..:.o.o..x..:o..oo..x..:xo.o..x..:o..oo..x...:.o.o..x..:o..oo..x..:.o.o..x..:o..oo..x..:.o.o..x..~.......x..xx.</rhythm>
    <buildup>oldosu_build</buildup>
    <buildupRhythm>=.............~............</buildupRhythm>
  </song>
  <song name="dearyou_loop">
    <title>DJ Genericname - Dear you</title>
    <source>https://www.youtube.com/watch?v=YlzJLNkUbUA</source>
    <rhythm>o.:.x.:.:.o.x.::o.:.x.:.:.o.x.::o.:.x.:.:.o.x.::o.o.x.:.:.o.x.::o.:.x.:.:.o.x.::o.:.x.:.:.o.x.::o.:.x.:.:.o.x.::o.o.x.:.:.o.x.::o.:.x.:.:.o.x.::o.:.x.:.:.o.x.::o.:.x.:.:.o.x.::o.o.x.:.:.o.x.::o.:.x.:.:.o.x.::o.:.x.:.:.o.x.::o.:.x.:.:.o.x.::o.o.x.:.:.o.x.::o.:.x.:.:.o.x.::o.:.x.:.:.o.x.::o.:.x.:.:.o.x.::o.o.x.:.:.o.x.::o.:.x.:.:.o.x.::o.:.x.:.:.o.x.::o.:.x.:.:.o.x.::o.o.x.:.:.o.x.::o.:.x.:.:.o.x.::o.:.x.:.:.o.x.::o.:.x.:.:.o.x.::o.o.x.:.:.o.x.::o.:.x.:.:.o.x.::o.:.x.:.:.o.x.::o.o.o.o.o.o.o.o.ooooooooooooooooo</rhythm>
    <buildup>dearyou_build</buildup>
    <buildupRhythm>x.:.:.:.:.:.:.:.-.:.:.:.:.:.:.:.-.:.:.:.:.:.:.:.-.:.:.:.:.:.:.:.-.:.:.:.:.:.:.:.-.:.:.:.:.:.:.:.-.:.:.:.:.:.:.:.-.:.:.:.:.:.:.:..</buildupRhythm>
  </song>
  <song name="osu_loop">
    <title>nekodex - welcome to osu! (Old version)</title>
    <rhythm>o.:.x.:.o.:.x.:.o.:.x.:.o.:.x.:.o.:.x.:.o.:.x.:.o.:.x.:.o.:.x.:.o.:.x.:.o.:.x.:.o.:.x.:.o.:.x.:.o.:.x.:.o.:.x.:.o.:.x.:.o.:.i...I.:.x.:.o.:.x.:.o.:.x.:.o.:.x.:.o.:.x.:.o.:.x.:.o.:.x.:.o.:.x.:.o.:.x.:.o.:.x.:.o.:.x.:.o.:.x.ooo.:.x.:.o.:.x.o.+..............</rhythm>
    <buildup>osu_build</buildup>
    <buildupRhythm>~...............~...............o...o...o...o...o...o...o...o...o...o...o...o...o...o...o...o...o.o.o.o.o.o.o.o.o.o.o.o.o.o.o.o.oooooooooooooooo+...............</buildupRhythm>
  </song>
  <song name="bigblack_loop">
    <title>The Quick Brown Fox - The Big Black</title>
    <source>https://www.youtube.com/watch?v=_HU_S1VkG9k</source>
    <rhythm>-.-.-.-.-.-.-.-.-.-.-.-.-.-.-.-.-.-.-.-.-.-.-.-.-.-.-.-.|||||...-.-.-.-.-.-.-.-.-.-.-.-.-.-.-.-.-.-.-.-.-.-.-.-.-.-.-.-.-...-...-.-.-.-.-.-.-.-.-.-.-.-.-.-.-.-.-.-.-.-.-.-.-.-.-.-.-.-.||||||||-.-.-.-.-.-.-.-.-.-.-.-.|||.-.-.-.-.-.-.-.-.-.-.-.-.-.-.I.......I.-.-.-.-.-.-.-.-.-.-.-.-.-.-.-.-.-.-.-.-.-.-.-.-.-.-.-.|||||...-.-.-.-.-.-.-.-.-.-.-.-.-.-.-.-.-.-.-.-.-.-.-.-.-.-.-.-.-...-...-.-.-.-.-.-.-.-.-.-.-.-.-.-.-.-.-.-.-.-.-.-.-.-.-.-.-.-.||||||||--xx-.-x-.-.----o.---.-.-----.x--.-.-.-.-.-.-.-.-.-.-.-.I.......I.......=.......=.......=.......=.......=.......=.......=.......=.......=.......=.......=.......=.......=.......=.......=.......=.......=.......=.......=.......=.......=.......=.......=.......=.......=.......=.......=.......=.......=.......=.......=.......I...i...I.......=.......=.......=.......=.......=.......=.......=.......=.......=.......=.......=.......=.......=.......=.......=.......=.......=.......=.......=.......=.......=.......=.......=.......=.......=.......=.......=.......=.......=.......=......i</rhythm>
    <buildup>bigblack_build</buildup>
    <buildupRhythm>+...................-.-..=...........-.............................-.-...-...=.....................................o....-....-.........-...-....+........................o.o.o....=..-.-.-...-...-...-...o.o.o...-...-.-.-...-.-.-...-...o.o.o....=..-.-.-...-...-...-...-.-.-.-.-.-.-.-.-.-.-.-.-.-.-.-.o.o.o....=..-.-.-...-...-...-...o.o.o...-...-.-.-...-.-.-...-...o.o.o....=..-.-.-...-...-...-...-.-.-.-.-.-.-.-.-.-.-.-.=.......+.........I.....+.......I.-.-...</buildupRhythm>
  </song>
</songs>
