<songs>
  <song name="Reminisce_loop">
    <title>Reminisce - Gill Chang</title>
    <source>https://www.youtube.com/watch?v=AzLPLza_s2g</source>
    <rhythm>o...............x...o...o...-.......-.-.=...O...x...o.o.o...o...o.......o.......x.......o...=.......o...o.......x.......i.......I~..........o...x...o...o~..|.|.........o~......x...o.o.o...o...o.......o...i...I...o...=.......||..|||.X.......I.......I.......o...........i...I...o...o...x.+.....x.+.....o...x...o.o.o...o...o.......o...i...I.......o...x.+.....x.+.....o...x...o...i.......I...........o...x...o...o...|.|..||..|||........x...o.o.o...o...o...i...I...I...I...o...=.......|...|...|||.....x~......|..|.|..</rhythm>
    <buildup>Reminisce_build</buildup>
    <buildupRhythm>=.............................~.................................=.........................=...................=.................=.............................~...................=.............=.........................=.......................=.............-.......:.......:.......:.......:.......:.......-.......:.......-.......:.......:.......-.......:.......:.......-.......:.......o.+..o.+..o.+..o.+...o.+..o.+..o.+...o.+..o.+..o.+...o.+..o.o...+...........o...o...||||+.......|||+....|||+....-...-...-......</buildupRhythm>
  </song>
</songs>
