<songs>
  <song name="hustle_loop">
    <title>Alan Wilkis - The Hustle</title>
    <source>https://www.youtube.com/watch?v=SI3DVrLQXQQ</source>
    <rhythm>I~..I.:.o:o.x.:::.o.x.:.o:o.x.:o:.o.x.:.o:o.x.:o:.oox.:.o:o.x.:::::ox.:.o:o.x.::o.o.x.:.::o.x.:oo.:.x.o.::o.x.:::o:ox.:.o:o.xo:oo.:.x.:.o:o.x.::~.o.x.:.o:o.x.:o:.o.x.:.o:o.x.:o:.oox.:.o:o.x.:::::ox.:.o:o.x.::o.o.x.:.::o.x.:oo.:.x.o.::o.x.:::o:ox.:.o:o.xo:o</rhythm>
    <buildup>hustle_build</buildup>
    <buildupRhythm>-::.-::.-.::-::.-::.-::.-.::-::.-::.-::.-.::-::.-::.-::.-.::-::.o::.x::o:.::x:::o::.x::o:.::x:::o::.x::o:.::x:::o::.x::o::::x:::o::.x::o:.::x:::o::.x::o:.::x:::o::.x::o:.::x:::o::.x::o::::x:::o::.x::o:.::x:::o::.x::o:.::x:::o::.x::o:.::x:::o::.x::o::::x:::o::.x::o:.::x:::o::.x::o:.::x:::o::.x::o:.::x:::o::.x::o::::x:::o::.x::o:.::x:::o::.x::o:.::x:::o::.x::o:.::x:::o::.x::o::::x:::=...=...=...=...=...=...=...=...w...............w...............w...............w...............w...............w...............w...............w...............w...r.:.o:o.x.:::.o.x.:.o:o.x.:o:.o.x.:.o:o.x.:o:.oox.:.o:o.x.:::::ox.:.o:o.x.::o.o.x.:.::o.x.:oo.:.x.o.::o.x.:::o:ox.:.o:o.xo:oI.:.I.:.o:o.x.::i.o.I.:.o:o.x.:oi.o.I.:.o:o.x.:oi.ooI.:.o:o.x.::i::oI.:.o:o.x.::I.o.I.:.::o.x.:oI.:.I.o.::o.x.::io:oI.:.o:o.xo:o</buildupRhythm>
  </song>
</songs>
