<songs>
  <song name="love_loop">
    <title>恋する☆宇宙戦争っ！！ あばばばみっくす</title>
    <source>https://www.youtube.com/watch?v=8OG-yVbij9M</source>
    <rhythm>o~..x.:.o.:.x.:.o.:.x.:.o.:.x.(.o.(.x.:.o.:.x.:.o.:.x.:.o.+.x.+.o~..x.:.o.:.x.:.o...x.:.o...x...o.o.o.o.o.o.o.o~..|.|.|.|.|.|.|.o~..x.:.o.:.x.:.o.:.x.:.o.:.x.(.o.(.x.:.o.:.x.:.o.:.x.:.o.:.x.:.o~..x.:.o.:.x.:.o.:.x.:.o...x...o...x...o.:.x.:.o.o.o.o.....x.||IO:.IX:.IO:.IX:.IO:.IX:.IO:.IX:.IO:.IX:.IO:.IX:.IO:.IX:.(.:.(.:.IO:.IX:.IO:.IX:.IO:.IX:.IO:.IX:.o.o.o.o.o.o.o.o~..|.|.|.|.|.|.|.(...-.-...-.-.=...-.=.=...-.-.(...=...-...-...-.I.i.i.i.+.-.-.-.(..-..-...-.-.(.....-.(.........I.-.-.-.-.-.-.=...xxxxooI+..-+..</rhythm>
    <buildup>love_build</buildup>
    <buildupRhythm>-.-.-.-.-.-.-.-.-.-.-.=...x+x+x+x.-.-.-.-.-.-.-.-.-.-.=...x+x+x+x.-.-.-.-.x+x+x+x.-.-.-.-.x+x+x+x.|.|.|.o.|.xxxxo.xxx.|||+..-.+.o.:.x.:.o.:.x.:.o.:.x.:.O~..X~..o.:.x.:.o.:.x.:.o.:.x.:.O~..X~..o.:.x.:.o.:.x.:.o.:.x.:.o.:.x.:.o.+...x...I.i...x.x...o...I.i...o.:.x...:.o.x.:.o.:.x.o~..o.x.:.o.:.x.:.:.o.x.:.o.:.x.o...o.x.:.o.:.x.:.:.o.x...(...x.(...o.x.:.o...x.xxo.x.o..I....-...-.-.-.I.(.:.x.:.:.o.x...(.:.x.)...o.x.:.o.:.x.~...o.x.:.(.:.x.)...o.x.:.o.:.x.:.:.o.x...(...x.(...oox.x.o...o.o.x.x.o...x.x.o.o...o~....I...-...-.-.-...-...-...-.-.-...-...=...-.-...=.....-..=...|||..-...-..-.-.-.-.-..-.-..=........-.-.-...-.-+..I~...~...~...~...~...~....xxxxo+o+.-+..-+.|.|.||||</buildupRhythm>
  </song>
</songs>
