<songs>
  <song name="days_loop">
    <title>The Cat Empire - Days Like These</title>
    <source>https://www.youtube.com/watch?v=nLKb4Wa8DD0</source>
    <rhythm>o...:..Ox...:.:.:..Oo...x.:.:.:.o.:.:..Ox...:.:.:..Oo...x..:.:..o...:..Ox.:...:.:..OI...-...I.:.o...:..Ox...:.:...:.o...x...i...I...:..Ox...:.X.:..:o...x...:...o...:..Ox...:.X.:..Xo...x...:...o...:..Ox...:.:.:..:o...x...:...o.o.o...xxx.o...-+.-+.-+.-+.....o...:...x...:...:.:.o.:.x...:.:.o...:..:x...:...:...o...x...:...=.~.~.~.x...:.-.+.-.+...x...:.:.o...:.:.I...i...:..:o...x...:.:.o...:...x...:.:.:...o...x...:.:.o...:.:.x...:.:.~...o~..x.:.:...+...-...x...-...-...+...x...:...o~......~......~......|||~..o...o...:...x...:.:.:.:.o.:.x.:.:.:.o...:...x...:.:.:.:.o.:.x.:.:.:.o...:..:x...:.:..:..o.:.x.:.:...o.:.:...x.:...:.:...o...x...:...o...:...x...:.:.:.:.o...x.:.:.:.o...:...x.....:.:..:o.:.x...:.:.o...:...x...:...:.:.o.:.x.:.:.:.o.:.:...x.:.:...:.:.o.:.x.:.:...o...:...x~..O~..=...X~..x~......o...:...x~..O~..=...X~..x~......o...:...x~..O~..=...X~..x~......ooo.o...x...ooo.o...o.x.o...+...</rhythm>
    <buildup>days_build</buildup>
    <buildupRhythm>+...x.x.x.x.x.x.~...............~...............=...............~...............=...............~...............=...............~.......x...:....</buildupRhythm>
  </song>
  <song name="robot_loop">
    <title>Daft Punk - Robot Rock</title>
    <source>https://www.youtube.com/watch?v=sFZjqVnWBhc</source>
    <rhythm>o~......x.:.:.:.~...x...+..x..:.o~......x.:.:.~....~.=..........</rhythm>
    <buildup>robot_build</buildup>
    <buildupRhythm>ooooo...ooooo...ooooo...ooooo...ooooo...ooooo...ooooo...ooooo...o..+....o..+....o..+....o..+....o..+....o..+....o..+....oI~.....I..+...o..+....o..+....o..+....o..+....o..+....o..+...oI~.....I..+....o..+....o..+....o..+....o..+....o..+....o..+...oI~.....I..+....o..+....o..+....o..+...o..+....o..+....o..+...o.I~........~..........~........~......i</buildupRhythm>
  </song>
</songs>
