<songs>
  <song name="white rabbit loop">
    <title>White Rabbit feat. Trinity (Lets Be Friends Remix)</title>
    <source>https://www.youtube.com/watch?v=wyOaIvUe7XQ</source>
    <rhythm>x..+....x..+....x..+....x..+....x...+...|.|.|.|.|.|.|.=..~..~...o~......x...-.-.O.-.-...x~......o~......x...-.-.O.-.-...x~..i...I~......x...-.-.O.-.-...x~......o~......x...|||.o~..~...I~......I~......x...-.-.O.-.-...x~......o~......x...-.-.O.-.-...x~......o..+....x..+....o..+....x..+....o...|||.x...|||.o------.I~..~...I~......x...-.-.O.-.-...x~......o~......x...-.-.O.-.-...x~..i...I~......x...-.-.O.-.-...x~......o~......x...|||.o~..~...I~......I~......x...-.-.O.-.-...x~......o~......x...-.-.O.-.-...x~......</rhythm>
  </song>
</songs>
