<songs>
  <song name="TSUBAKI_loop">
    <title>Ocelot - TSUBAKI</title>
    <source>https://www.youtube.com/watch?v=SHs95KVo3Bk</source>
    <rhythm>o~...~..x.|.|.|.o~..-.O.x~..-~..o~...~..x.|.|.|.o.+o.+xxo~..=...S...S...||||||||o...-.O.x.-.-.-.o.-.o...x.|||.|.=.=.=.=.=.=.=.=.o~...~..|||||.|.o...-.O.x~..-~..o~..S...x.x.x...|||||.|Ox.oox~..o~..o~..x.x.s.O.x.x.s.O.x...o...o~....o.x.o.-.o.o~..=....s......</rhythm>
    <buildup>TSUBAKI_build</buildup>
    <buildupRhythm>+.:...:...o.......:...:...-...:...:...:...-...:...:...:...-.......:...:...-.......:...:...-...:...:...:...-...:...:...:...-.......-...:...o.....o.....x...o.....o...x.o...o.....o.....x...o.....o.x.......o.....o.....x...o.....o...x.o...o.....o.....x...o.......x.......o.....-.....-...-.....-.....-...-.....-.....-...-.....-.....-...o...o...o...o...o...o...o...o...o.o.o.ooo.o.oooIs..............i</buildupRhythm>
  </song>
</songs>
