<songs>
  <song name="galaxy_loop">
    <title>Delta Heavy - Conquer The Galaxy</title>
    <source>https://www.youtube.com/watch?v=4sTTBB_aRZQ</source>
    <rhythm>o~..x.-.O.-.X.-.O.-.X-..o.-.x.-.o~..x.-.O.-.X.-.O.-.X-..o.-.x.+.o~..x.-.O.-.X.-.O.-.X-..o.-.x.-.o~..x.-.O.-.X.-.o...x...o...+...o~..x.-.O.-.X.-.O.-.X-..o.-.x.-.o~..x.-.O.-.X.-.O.-.X-..o.-.x.+.o~..x.-.O.-.X.-.O.-.X-..o.-.x.-.o~..x.-.O.-.X.-.o...x...o...+...</rhythm>
    <buildup>galaxy_build</buildup>
    <buildupRhythm>o+..o+..o+..o+..o+..o+..o+..o+..o+..o+..o+..o+..o+..o+..o+..o+..I.i.I.i.I.i.I.i.I.i.I.i.I.i.I.i.oooooooooooooooo+...............</buildupRhythm>
  </song>
</songs>
