<images>
    <image name="aussieshufflerachel">
        <frameDuration>50</frameDuration>
    </image>
    <image name="donutrachel">
        <frameDuration>50</frameDuration>
    </image>
    <image name="drunkrachel">
        <frameDuration>50</frameDuration>
    </image>
    <image name="leftshufflerachel">
        <frameDuration>50</frameDuration>
    </image>
    <image name="partyparrotrachel">
        <frameDuration>50</frameDuration>
    </image>
    <image name="rightshufflerachel">
        <frameDuration>50</frameDuration>
    </image>
    <image name="saiyanrach">
        <frameDuration>50</frameDuration>
    </image>
    <image name="shufflerachel">
        <frameDuration>50</frameDuration>
    </image>
</images>
