<songs>

  <song name="Smashloop">

    <title>Choose Your Character</title>
    <source>https://www.youtube.com/watch?v=tVUV7eI6kaU</source>
    <rhythm>+...x.....+.x.....+.x.....+.x.o.+...x.....+.x.....+.x.io.i+.x...+...x.....+.x...o.+.x.io.i+.x...+..ox.....+.x.....+.x...+..|x.o.+...x.....+.x...+...x......+x.o.+..ox.....+.x.o.+...x.....+.x..x+...x.+.....x.....+.x.....+.x...o.+.x.....+.x...+...x...|||.x.o.+...x.....+.x.....+.x.....+.x...+...x.....+.x.....+.x.....+.x.o.+...x.....+.x.....+.x.....+.x...+...x.....+.x.....+.x.....+.x.o.+...x.....+.x.....+.x.....+.x...+...x.....+.x.....+.x.....+.x.o.+...x.....+.x.....+.x.....+.x...+...x.....+.x.....+.x.....+.x.o.</rhythm>

    <buildup>Smashbuildup</buildup>

    <buildupRhythm>~...............................................................o...o...o...o...o...o...o...o...xxxxxxxx||||||||o.........o.x....</buildupRhythm>

  </song>

  <song name="target loop">

    <title>Target Smash</title>
    <source>https://www.youtube.com/watch?v=qFBgl09qwD4</source>
    <rhythm>+...x...+...x...+...x...+...x...+...x...+...x...+...x...+...x.:.+...x...+...x...+...x...+...x...+...x...+...x...+...x...+...x.:.o...o...o...o...o...o...o...o.:.o...o...o...o...o...o...o...o.:.+...x...+..xx...+...x..x+...x...+...x...+...x...+...x..x+...x.:.+...x...+...x...+...x...+...x...+...x...+...x...+...x..x+...x.:.xxx.x.x.x.......:.~...........................................................:.+...x...+...x...+...x...+...x...+...x...+...x...+...x...+...x.:.o...o...o...o...o...o...o...o...o...o...o...o...o...o...o...o.:.o.X.o.X.o.X.o.X.o.X.o.X.o.X.o.X.o.X.o.X.o.X.o.X.o.X.o.X.o.X.o.:.o...x...o...x...o...x...o...x...o...x...o...x...o...x...o...x.:.~.............................................................:.+...x...+...x...+...x...+...x...+...x...+...x...+...x...+...x...xxx.x.x.x.......</rhythm>

    <buildup>target buildup</buildup>

    <buildupRhythm>..................:.............||o.............................................................:.o...o...o...o...o...o...o...o...o...o...o...o...o...o...o...o.:.o...o...o...o...o...o...o...o...o...o...o...o...o...o...o...o.:.xxx.x.x.x.......</buildupRhythm>

  </song>


  <song name="corneria loop">

    <title>Corneria</title>
    <source>https://soundcloud.com/bknappbeats/chillindude-diss-instrumental</source>
    <rhythm>o.o.x...o.o.x..xo.o.x...oooox..xo.o.x...o.o.x..xo.o.x...oooox..xo.o.x...o.o.x..xo.o.x...oooox..xo.o.x...o.o.x..xo.o.x...oooox..xo...x.o.o...x.o.o...x.o.o..o:.:.o...x.o.o...x.o.o...x.o.o..ox.o.o..o..o..o..||||o.o.x...o.o.x..xo.o.x...oooox..xo.o.x...o.o.x..xo.o.x...oooox..xo.o.x...o.o.x..xo.o.x...oooox..xo.o.x...o.o.x..xo.o.x...oooox..xo...x.o.o...x.o.o...x.o.o..o:.:.o...x.o.o...x.o.o...x.o.o..ox.o.o..o..o..o..||||o.o.x...o.o.x..xo.o.x...o.o.x..xo.o.x...o.o.x..xo.o.x...o.o.x.:xo.o.x.o.o...x...o...x.o.o..ox:.:o...x.o.o...x...o...x.o.o..ox.o.</rhythm>

    <buildup>corneria buildup</buildup>

    <buildupRhythm>~............................................::::</buildupRhythm>

  </song>


  <song name="OG corneria loop">

    <title>Corneria (SNES)</title>
    <source>https://soundcloud.com/qumu/starfox-corneria-remix</source>
    <rhythm>x~..........xx.xx~......x.....x.x~..........xx.xx~......x.....x.*+*+*+*+*|*x.xxxx.xx.xxxx.x*..x.x.x*..x.x.x*..x.x.x*..x.xxxxxxxxxxxx||*::.::.::.x.xx.xx::.:..:x::.:.x.x::.::.::.x.xx.xx::.:..:x::.:.x.*+*+*+*+*|*x.xxxx.xx.xxxx.x*..x.x.x*..x.x.x*..x.x.x*..x.xxxxxxxx::-.-.::-.::-.-.::-.</rhythm>

    <buildup>OG corneria buildup</buildup>

    <buildupRhythm>:::::::::::xxxxx</buildupRhythm>

  </song>


  <song name="Wily loop">

    <title>Dr. Wily's Castle (Mega Man 2)</title>
    <source>https://soundcloud.com/bossfightswe/dr-wilys-castle-stage-1</source>
    <rhythm>...x...+...x...+...x...+...x...+...x...+...x...+...x...+...x...+...x...+...x...+...x...+...x...+...x...+...x...+...x...+...x...+...x...+...x...+...x...+...x...+...x...+...x...+...x...+...x...+...x...+...x...+...x...+...x...+...x...+...x...+...x...+...x...+...x.:...+.x...+...x.:...+.x...+...x.:...+.x...+...x.:...+.x...+...x.:...+.x...+...x.:...+.x...+...x.:.+.x...*.o.o.o.o.oxoxoxox+...x...+...x...+...x...+...x...+...x...+...x...+...x...+...x...+...x...+...x...+...x...+...x...+...x...+...x...+...x...+...x...+...x...+...x...+...x...+...x...+...x...+...x...+...x...+...x...+...x...+...x...+...x...+...x...+...x...+...x...+...x...+...x...+...x...+...x...+...x...+...x...+...x...+...x...+...x...+...x...+...x...+...x...+...x...+...x...+...x...+...x...+.........................................................................................................................................o.:.-.+...x.....+.x...+...x.....+.x...+...x.....+.x...+...x.....+.x...+...x.....+.x...+...x.....+.x...+...x.....+.x...o~............o.+...x.....+.x...+...x.....+.x...+...x.....+.x...+...x.....+.x...+...x.....+.x...+...x.....+.x...+...x.....+.x...+...x.....+.x.............+.x.o.+...x...o.+.x.o.+...x.....+.x...+...x.....+.x...+...x.....+.x...+...x.....+.x...+...x.....+.x...+...x.....+.x...+...x.....+.x...+...x.....+.x...+...x.....+.x...+...x.....+.x...+...x.....+.x...+...x.....+.x...+...x.....+.x...+...............o...x.....o.x...o...x.....o.x...o...x.....o.x...o...x.....o.x...o...x.....o.x...o...x.....o.x.-...-.-...-...-.-...-.-...-...-.-.....x.....o.x...o...x.....o.x...o...x.....o.x...o...x.....o.x...o...x.....o.x...o...x.....o.x.-...-.-...-...-.-...-.-...-...-.-..</rhythm>

    <buildup>Wily buildup</buildup>

    <buildupRhythm>..............................oxoxoxoxo........o.o.x.o.+</buildupRhythm>

  </song>





  <song name="hellyes loop">

    <title>NO'K Free For All</title>
    <source>https://soundcloud.com/nok-11/nok-free-for-all-original-mix</source>
    <rhythm>o...-...X.-...-.O.-...-.X.-...-.o...-...X.-...-.O.-...-.X.-.-.-.o...-...X.-...-.O.-...-.X.-...-.o...-...X.-...-.O.-...-.X.-.-.-.o...-...X.-...-.O.-...-.X.-...-.o...-...X.-...-.O.-...-.X.-.-.-.o...-...X.-...-.O.-...-.X.-...-.:.............:.............+...o...-...X.-...-.O.-...-.X.-...-.o...-...X.-...-.O.-...-.X.-.-.-.o...-...X.-...-.O.-...-.X.-...-.o...-...X.-...-.O.-...-.X.-.-.-.o...-...X.-...-.O.-...-.X.-...-.o...-...X.-...-.O.-...-.X.-.-.-.o...-...X.-...-.O.-...-.X.-...-.:.............:.................-...-.....-...-...-...-...-..*-.-...-.....-...-...-...-...-.-.-.-...-.....-...-...-...-...-..*-.-...-.....-...-...-...-...-.-.-.-...-.....-...-...-...-...-..*-.-...-.....-...-...-...-...-.-.-.-...-.....-...-...-...-...-..*-.xxxxxxxxxxxxxxxxx|x|x|x|xxxxxxxxo.......x.......o...~...x.......o...~...x.......o.......x.......o.......x.......o...~...x.......o...~...x.......o.......x.......o.......x.......o...~...x.......o...~...x.......o.......x.......o.......x.......o...~...x.......xxxxxxxxxxxxxxxxx|x|x|x|xxxxxxxxo...-...X.-...-.O.-...-.X.-..*-.o...-...X.-...-.O.-...-.X.-.-.-.o...-...X.-...-.O.-...-.X.-..*-.o...-...X.-...-.O.-...-.X.-.-.-.o...-...X.-...-.O.-...-.X.-..*-.o...-...X.-...-.O.-...-.X.-.-.-.o...-...X.-...-.O.-...-.X.-..*-.o...-...X.-...-.O.-...-.X.-.-.-.</rhythm>

    <buildup>hellyes buildup</buildup>

    <buildupRhythm>.-...-.....-...-...-...-...-..*-.-...-.....-...-...-...-...-.-.-.-...-.....-...-...-...-...-..*-.-...-.....-...-...-...-...-.-.-.-...-.....-...-...-...-...-..*-.-...-.....-...-...-...-...-.-.-.-...-.....-...-...-...-...-..*-.xxxxxxxxxxxxxxxxx|x|x|x|xxxxxxxx</buildupRhythm>

  </song></songs>
