<songs>
  <song name="FLOWER_loop">
    <title>DJ YOSHITAKA - FLOWER</title>
    <source>https://www.youtube.com/watch?v=o01XJJb2sRI</source>
    <rhythm>o...:.:.o.:.:.:.o.:...:.o.:.:.:.o...:.:.o.:.:.:.o.:.:.:.o.:.:.:.o...:.:.o.:.:.:.o.:...:.o.:.:.:.o...:.:.o.:.:.:.o.:.:.:.o.:.:.:.o...:.:.o.:.:.:.o.:...:.o.:.:.:.o...:.:.o.:.:.:.o.:.:.:.o.:.:.:.o...:.:.o.:.:.:.o.:...:.o.:.:.:.o...:.:.o.:.:.:.o.:.:.:.o.:.:.:.o...:.:.o.:.:.:.o.:...:.o.:.:.:.o...:.:.o.:.:.:.o.:.:.:.o.:.:.:.o...:.:.o.:.:.:.o.:...:.o.:.:.:.o...:.:.o.:.:.:.o.:.:.:.o.:.:.:.o...:.:.o.:.:.:.o.:...:.o.:.:.:.o...:.:.o.:.:.:.o.:.:.:.o.:.:.:.o...:.:.o.:.:.:.o.:...:.o.:.:.:.o...:.:...:.:...o...o...o...o...I.....o.....o.....o.....o...o...I.-.-...I...o.o.IoooooooS.......I.....o.....o.....o.....o...o...I...x.x.o...x...xxx.:.o...x.o...I.....o.....o.....o.....o...o...I...-...I...o...IoooooooS.......I.....o.....o.....o.....o...o...I.....=.....=.....=.....I~.....i</rhythm>
    <buildup>FLOWER_build</buildup>
    <buildupRhythm>o.......x.......x...o...x...o...x...x.......x...oooooooo+.......o...:...x~..x...x...x...x...oooo=...........~...........s.......-...-...-...=.......-...-...=.......-...-...=.......-...-...=.......-...-...=.......-...-...=.......-...-...=.......-...-...-...-...-...-...=.......-...-...=.......-...-...=.......-...-...=...-...-...-...=.......=...=...=.......=.......=...ooooooooooooooooo...-...:.-.:...-...:.-.:...-...-...-...:.-.:...-...:.-.:...-...-...-...:.-.:...-...:.-.:...-...-...-...:.-.:...-...:.-.:...-...-...-...:.-.:...-...:.-.:...-...-...-...:.-.:...-...:.-.:...-...-...-...:.-.:...-...:.-.:...-...-...-...:.-.:...-...:.-.:...-...o...-.-.X.-.-...o.-...-.x...-...o...-.-.X.-.-...o.-...-.x...-...o...-.-.X.-.-...o.-...-.x...-...o...-.-.X.-.-...o.-...-.x...-...o...-.-.X.-.-...o.-...-.x...-...o...-.-.X.-.-...o.-...-.x...-...o...-.-.X.-.-...o.-...-.x...-...o...-.-.X.-.-...o.-.-.-.-.-.-.-.o...-.-.X.-.-...o.-...-.x...-...o...-.-.X.-.-...o.-...-.x...-...o...-.-.X.-.-...o.-...-.x...-...o...-.-.X.-.-...o.-...-.x...-...o...o.-.O.-.o...o...o.-.O.-.o...o...o.-.O.-.o...o...o.-.O.-.o...o.o.o.o.o.o.o.o.o.o.o.I.S.......I..+..o..+..o..+..o..+..o+.o+...</buildupRhythm>
  </song>
</songs>
