﻿<songs>

  <song name="seeya_loop">
    <title>deadmau5 - Seeya (feat. Colleen D'Agostino)</title>
    <source>https://www.youtube.com/watch?v=8jL2DPylmhE</source>
      <rhythm>I.......o.......o....o..o.....o....o.......o....o..o...:o..o..o~.....o..o.......o.....o..o....o.......o.....o...o~..............o.......o.......o....o..o.....o....o.......o....o..o...:o..o..o~.....o..o.......o.....o..o....o.......o.....o...o~......I.I.I.:.</rhythm>
    <buildup>seeya_intro</buildup>
      <buildupRhythm>:.......:.......:.....-..-......:.......:.......:.....-..-......:.......:.......:.....-..-......:.......:.......:.....I~........</buildupRhythm>
  </song>
  
  <song name="bleed_loop">
    <title>deadmau5 - Bleed</title>
    <source>https://www.youtube.com/watch?v=eyvuc_GjzfU</source>
      <rhythm>..+....o..+....o..+....o..+....o..+....o..+....o..+....o..+....o..+....o..+....o..+....o..+....o..+....o..+....o..+....o..+....o..+....o..+....o..+....o..+....o..+....o..+....o..+....o..+....o..+....o..+....o..+....o..+....o..+....o..+....o..+....o..+....o</rhythm>
  </song>
  
  <song name="rlyeh_loop">
    <title>deadmau5 - Rlyehs Lament</title>
    <source>https://www.youtube.com/watch?v=lb01l03Aeac</source>
      <rhythm>o..o..o...o.....x.....o.o.o.+...............o...xx.x...o...o....o...............x.....o..:..+...................x......:..:.....o||||||...o.||||||......:o..+...o...........o...x......o..o.....o.........o.....x.....o.:...+........o..o.......x...........o...o...............x....o..:...+...............o...x...x..:....o...o.........o.....x....o......+.....o..o..........x......:....o...o..o..o...o.....x.....o.o.o.+...............o...xx.x...o...o....o...............x....o..:...+...................x......:..:.....</rhythm>
  </song>
  
  <song name="errors_loop">
    <title>deadmau5 - Errors In My Bread</title>
    <source>https://www.youtube.com/watch?v=gXlKBI-0rvk</source>
      <rhythm>:...........|||o....:.......||.:...|||.........o..........|||||.:...........|||o....:.......||.:...|||.........o..........|||||.:...........|||o....:.......||.:...|||.........o..........|||||.:...........|||o....:.......||.:...|||.........o..........|||||.:...........|||o....:.......||.:...|||.........o..........|||||.:...........|||o....:.......||.:...|||.........o..........|||||.:...........|||o....:.......||.:...|||.........o..........|||||.:...........|||o....:.......||.:...|||.........o..........|||||.</rhythm>
  </song>
  
  <song name="moment_loop">
    <title>deadmau5 - A Moment To Myself</title>
    <source>https://www.youtube.com/watch?v=TsGxJp9Gel0</source>
      <rhythm>-....o..:....o..x........:..+...o............o..x..........:..:.o....o......o...x........IIII...o............o..x..II.o..............o......+...x........|||||||o.......||||||||x...............o....o......o...x|||||||..IIII..|||||||......o..x.....o.......+.</rhythm>
  </song>
</songs>