<songs>
  <song name="hands_loop">
    <title>nimino - The Back Of Your Hands Ft. Ashe</title>
    <source>https://soundcloud.com/latropical/nimino-the-back-of-your-hands-ft-ashe</source>
    <rhythm>o.:.x::.o.::x::.o.:.x::.o.::x::.o.:.x::.o.::x.:.o::.x.::o.:.x.:.o.:.x::.o.::x::.o.:.x::.o.::x::.o.:.x::.o.::x.:.o::.x.::o.:.x.:.</rhythm>
    <buildup>hands_build</buildup>
    <buildupRhythm>-.:.:::.:.::.::.-.:.:::.:.::.::.-.-+.-+.-+.-+.-+--+.-+.-+.-+..-+-.:.:::.:.::.::.-.:.:::.:.::.::.I.i+.-+.-+.-+.-+--+.-+.-+.-+..-+-.:.:::.:.::.::.-.:.:::.:.::.::.-.-+.-+.-+.-+.-+--+.-+.-+.-+..-+-.:.:::.:.::.::.-.:.:::.:.::.::.I.i+.-+.-+.-+.-+.-+.-+.-+.-+..-+</buildupRhythm>
  </song>
</songs>
