<songs>
  <song name="notitle_loop">
    <title>Reol - No Title</title>
    <rhythm>x...x.x...x.x.x.|||.-.-.-.-.-.-.o.....o.....:.:.o.....o...:...:.o.....o...:..:..o.:...o...:.:...o.....o.....:.:.o.....o...:...:.o.....o...:..:..o.---.o...-.-...o.....o.....:.:.o.....o...:...:.o.....o...:..:..o.:...o...:.:...o.....o.....:.:.o.....o...:...:.o...:.o...:.:.:.|||.-.-.-.-.-.(.O.....o.....:.(.O.....o.....:.(.O.....o...:...(.O.:...o...:.:.(.O.....o.....:.(.O.....o...:...(.O.....o...:...:.o.---.o...-.-.(.O.....o.....:.(.O.....o...:...(.O.....o...:...:.o.:...o...:.:.(.O.....o.....:.:.o.....o...:...(.O.....o...:.:.:.|||.-.-.-.-.-.-.(.....o.....:.:.o.....o...:...:.(.....o...:..:..o.:...o...:.:~..o.....o.....:.:.o.....o...:...:.o.....o...:..:..o.---.o...-.-~..(.....o.....:.:.o.....o...:...:.(.....o...:..:..o.:...o...:.:~..o.....o.....:.:.o.....o...:...:.o.....o...:.:.:.|||.-.-.-.-.-.-.o.....o.....:.:.o.....o...:...:.o.....o...:..:..o.:...o...:.:~..o.....o.....:.:.o.....o...:...:.</rhythm>
    <buildup>notitle_build</buildup>
    <buildupRhythm>-.....-.....:.:.-.....-...:...:.-.....-...:...:.-.:...-...:.:~..-.....-.....:.:.-.....-...:...:.</buildupRhythm>
  </song>
</songs>
