<songs>
  <song name="macross-loop">
    <title>ミュン・ファン・ローン - MACROSS 82-99</title>
    <source>https://soundcloud.com/macross-82-99/i9nlgjrlg3iv</source>
    <rhythm>o.:.:.:.x::::::::::o....x.:.:.:.o.:.:.:.x::::::::::o....x.:.:.:.o.:.:.:.x::::::::::o....x.:.:.:.o.:.:.:.x::::::::::o....x.:.:.:.o.:.:.:.x::::::::::o....x.:.:.:.o.:.:.:.x::::::::::o....x.:.:.:.o.:.:.:.x::::::::::o....x.:.:.:.o.:.:.:.x::::::::::o....x..x..x.o.:.:.:.x::::::::::o::::x:::::::o:::::::x::::::::::o::::x:::::::o:::::::x::::::::::o::::x:::::::o:::::::x::::::::::o::::x:::::::o.:.:.:.x::::::::::o....x.:.:.:.o.:.:.:.x::::::::::o....x.:.:.:.o.:.:.:.x::::::::::o....x.:.:.:.o.:.:.:.x:::::::=...=...=...+...</rhythm>
    <buildup>macross-build</buildup>
    <buildupRhythm>x..xxx.o.o...x.xxx.o.o...ox..x.xxx.xxx.o.o..x.xxx.o.o...o.xxxxxx-.-.-.-.-.-.-.-.-.-.-.-.-.-.-..=................................</buildupRhythm>
  </song>
</songs>
