<songs>
  <song name="shop-channel-loop">
    <title>Wii Shop Channel</title>
    <rhythm>.-.-...-.-...-.-...-.-...........-.-...-.-...-.-...-.-...........-.-...-.-...-.-...-.-...........-.-...-.-...-.-...-.-..........x.......-...-.=.................:....-.-.-.-.-.=.......+........x..-.-....-...=....-.-....-...=................:...-.-.-.-.+.....-.-...-.-...-.-...-.-....~....:.-.-...-.-...-.-...-.-...~.....:.-.-...-.-...-.-...-.-....~....:.-.-...-.-...-.-...-.-...~......x..-.-...-....=..................-...-.-.-.-.-.=.......+.......-.-.-.-.-...:.:.:...-.-.-.-.-...-.-.-.-.-...:.:.:...+...-----...+</rhythm>
    <buildup>shop-channel-build</buildup>
    <buildupRhythm>x.x.x.x.x...x.x.x.x.x...-----...o.....o.o.....o.o.....o.o.+......</buildupRhythm>
  </song>
  <song name="Netsky - Puppy">
    <title>Netsky - Puppy</title>
	<source>http://www.youtube.com/watch?v=FU4cnelEdi4</source>
    <rhythm>o...x...o...x...o...x...o...x...o...x...o...x...o...x...o...x...o...x...o...x...o...x...o...x...o...x...o...x...o...x...o...x...</rhythm>
    <buildup>Netsky - Puppy (intro)</buildup>
    <buildupRhythm>.-...:......:...-...:.......:....-...:......:...-...:.......:....-...:......:...-...:.......:....-...:......:...-...:.....:.:....-...:......:...-...:.......:....-...:......:...-...:.......:....-...:......:...-...:.......:....-...:......:...-...:.......:...-...-...-...-...-...-...-...-....-...-...-...-...-...-...-...-...o...x...o...x...o...x...o...x...o...x...o...x........*.*...*..*.</buildupRhythm>
  </song>
  <song name="loop_Finale">
    <title>Madeon - Finale</title>
    <source>http://0x40Hues.blogspot.com/Sources/Defaults#loop_Finale</source>
    <rhythm>x..xo...x...o...x..xo...x...o...x..xo...x...o...x..xo...x...oxoox..xo...x...o...x..xo...x...o...x..xo...x...o...x...o...x...oooo</rhythm>
    <buildup>build_Finale</buildup>
  </song>
  <song name="loop_MissYou">
    <title>Nhato - Miss You</title>
    <source>https://www.youtube.com/watch?v=bZQAuaeCtiM</source>
    <rhythm>o.+.o...o...o...o...o...o...o...o.:.o.:.o...o...o...o...o...o...o...o...o...o...o...o...o...o...o...o...o.+.o...o...........+...o...o...o...o...o...o...o...o...o.-.-.-.........o..o..o...x...o.............+...o...o...o...o...o...o...o...o.o.o.+.............</rhythm>
    <buildup>build_MissYou</buildup>
    <buildupRhythm>::::::::::::</buildupRhythm>
  </song>
  <song name="01 everything_except">
    <title>S0LUS - Everything Except</title>
	<source>https://soundcloud.com/s0lus/everything-except</source>
    <rhythm>o.......x...........o...x.......o.......x...........o...x.......o.......x...........o...x.......o.......x...........o.x...o.x...o.......x...........o...x.......o.......x...........o...x.......o.......x...........o...x.......o.......x...........o...x.|||...</rhythm>
    <buildup>02 everything_except</buildup>
    <buildupRhythm>:...:...:...:...:...:...:...:...:...:...:...:...:...:...:...:...</buildupRhythm>
  </song>
  <song name="bignic-help">
    <title>Bignic - Help</title>
	<source>http://www.youtube.com/watch?v=tqLgJ9puo_c</source>
    <rhythm>o...:..x...:..o...:..x...:..o...:..x...:..o...:..x...:..o...:..x...:..o...:..x...:..o...:..x...:..o...:..x...:..o...:..x...:..o...:..x...:..o...:..x...:..o...:..x...:..o...:..x...:..o...:..x...:..o...:..x...:..o...:..x...:..</rhythm>
  </song>
</songs>