<songs>
  <song name="singularity_loop">
    <title>Singularity - Nanox</title>
    <source>https://www.youtube.com/watch?v=jqPvrZFHHqg</source>
    <rhythm>=...~...||.||||.i...I~.i...I~I..I::::::Ox...O~..-..-..-..-..-...x+..x+..x+..x+..x+.....x+...=.....~.....xi~.....ix~....xi~.....ix~......||.||||.i...I~.i...I~I..I..o..OOx.O.O~..-..-..-..-..-...o..~...+....=...~...~...+...=...o..o..OOx.O.O~...=....~.....=...x~..~...||.||||.i...I~.i...I~I..I::::::Ox...O~..-..-..-..-..-...o~..~...+.......o...:.o.x...o~....~...~.xi~.....ix~....xi~.....ix~..~...||.||||.i...I~.i...I~I..I..o..OOx.O.O~..-..-..-..-..-...o..~...+....=...~...~...+...=...=.......=.......=.......=.......</rhythm>
    <buildup>singularity_build</buildup>
    <buildupRhythm>o.....o.x...o.......o...x.......o.....o.x...o.......o...x.......|x|x|x|.x...|x|x|x|xo...x.......|x|x|x|.x...|x|x|x|xo...x.......o.....o.x...o.......o...x.......o.....o.x...o.......o...x.......|x|x|x|.x...|x|x|x|xo...x.......|x|x|x|.x...|x|x|x|xo...x.......o.....o.x...o.......o...x.......o.....o.x...o.......o...x.......|x|x|x|.x...|x|x|x|xo...x.......|x|x|x|.x...|x|x|x|xo...x.......o.....o.x...o.......o...x.......o.....o.x...o.......o...x.......|x|x|x|.x...|x|x|x|xo...x.......|x|x|x|.x...|x|x|x|xo...x.......</buildupRhythm>
  </song>
</songs>
