<songs>
  <song name="start_loop">
    <title>MDK - Press Start (VIP Mix)</title>
    <source>https://www.youtube.com/watch?v=SYDwZLfICVw</source>
    <rhythm>o.......x...-.-.O..-..-.S.S.S.S.o.:.:.:.x...||||o.....-.x...-.-.o.-.-...x.-.-...o.-.-.-.x.-.-.-.i.-...-...-.-.-.o.-...-.=~~~~~~~I...|||.x...:.:.o.-...-.x.s.s.s.o...|.|.x(..-...o...:.-.x...-.-.o.-.-...x.-.-...|.|.|.|.|.|.|.|.I...-.xxxxx¤..-.o...Ixxx=.=.=.=.o.......x...-.-.O..-..-.S.S.S.S.o.:.:.:.x...||||o...||||x...||||o.-.-...x.-.-...o.-.-.-.x.-.-.-.o.:.:.:.x.:.:.:.o.|||...oxoxoxoxO)......x...:.:.o.-...-.x.s.s.s.o...|.|.x(..-...o...:.-.x...-.-.o.-.-...x.-.-...|.|.|.|.|.|.|.|.-.:.:.-.:.:.-.:.:.-.:.:.-.:.-.:.</rhythm>
    <buildup>start_build</buildup>
    <buildupRhythm>o...:...x...x.x.o.o.o.||x.x.o.o.)..xxxxx-.-.-.-.s.......S.......</buildupRhythm>
  </song>
</songs>
