﻿<images>

  <image name="AAAAH">
    <fullname>Super Smash Brothers Ultimate</fullname>
    <align>center</align>
  </image>

  <image name="alex">
    <fullname>Alex</fullname>
    <align>center</align>
  </image>

  <image name="banjo">
    <fullname>Banjo and Kazooie</fullname>
    <align>center</align>
  </image>

  <image name="bayonetta">
    <fullname>Bayonetta</fullname>
    <align>center</align>
  </image>

  <image name="bowser">
    <fullname>Bowser</fullname>
    <align>center</align>
  </image>

  <image name="bowser jr">
    <fullname>Bowser Jr</fullname>
    <align>center</align>
  </image>

  <image name="byleth female">
    <fullname>Byleth</fullname>
    <align>center</align>
  </image>

  <image name="byleth male">
    <fullname>Byleth</fullname>
    <align>center</align>
  </image>

  <image name="byleth">
    <fullname>Byleth (F/M)</fullname>
    <align>center</align>
  </image>

  <image name="Captain Falcon">
    <fullname>Captain Falcon</fullname>
    <align>center</align>
  </image>

  <image name="charizard">
    <fullname>Charizard</fullname>
    <align>center</align>
  </image>

  <image name="chrom">
    <fullname>Chrom</fullname>
    <align>center</align>
  </image>

  <image name="Cloud Strife">
    <fullname>Cloud Strife</fullname>
    <align>center</align>
  </image>

  <image name="corrin female">
    <fullname>Corrin</fullname>
    <align>center</align>
  </image>

  <image name="corrin male">
    <fullname>Corrin</fullname>
    <align>center</align>
  </image>

  <image name="corrins">
    <fullname>Corrin (F/M)</fullname>
    <align>center</align>
  </image>

  <image name="daisy">
    <fullname>Daisy</fullname>
    <align>center</align>
  </image>

  <image name="dark pit">
    <fullname>Dark Pit</fullname>
    <align>right</align>
  </image>

  <image name="dark samus">
    <fullname>Dark Samus</fullname>
    <align>center</align>
  </image>

  <image name="diddy kong">
    <fullname>Diddy Kong</fullname>
    <align>center</align>
  </image>

  <image name="Donkey Kong">
    <fullname>Donkey Kong</fullname>
    <align>center</align>
  </image>

  <image name="dr mario">
    <fullname>Dr. Mario</fullname>
    <align>center</align>
  </image>

  <image name="duckhunt">
    <fullname>Duck Hunt</fullname>
    <align>center</align>
  </image>

  <image name="enderman">
    <fullname>Enderman</fullname>
    <align>center</align>
  </image>

  <image name="falco">
    <fullname>Falco</fullname>
    <align>center</align>
  </image>

  <image name="Fox McCloud">
    <fullname>Fox McCloud</fullname>
    <align>center</align>
  </image>

  <image name="Ganondorf">
    <fullname>Ganondorf</fullname>
    <align>center</align>
  </image>

  <image name="greninja">
    <fullname>Greninja</fullname>
    <align>center</align>
  </image>

  <image name="hero1">
    <fullname>Hero</fullname>
    <align>center</align>
  </image>

  <image name="hero2">
    <fullname>Hero</fullname>
    <align>center</align>
  </image>

  <image name="hero3">
    <fullname>Hero</fullname>
    <align>center</align>
  </image>

  <image name="hero4">
    <fullname>Hero</fullname>
    <align>center</align>
  </image>

  <image name="ice climbers">
    <fullname>Nana and Popo</fullname>
    <align>center</align>
  </image>

  <image name="ike">
    <fullname>Ike</fullname>
    <align>center</align>
  </image>

  <image name="incineroar">
    <fullname>Incineroar</fullname>
    <align>center</align>
  </image>

  <image name="inkling female">
    <fullname>Inkling</fullname>
    <align>center</align>
  </image>

  <image name="inkling male">
    <fullname>Inkling</fullname>
    <align>center</align>
  </image>

  <image name="inklings">
    <fullname>Inkling (M/F)</fullname>
    <align>center</align>
  </image>

  <image name="isabelle">
    <fullname>Isabelle</fullname>
    <align>center</align>
  </image>

  <image name="ivysaur">
    <fullname>Ivysaur</fullname>
    <align>center</align>
  </image>

  <image name="jigglypuff">
    <fullname>Jigglypuff</fullname>
    <align>center</align>
  </image>

  <image name="joker">
    <fullname>Joker</fullname>
    <align>center</align>
  </image>

  <image name="ken">
    <fullname>Ken</fullname>
    <align>center</align>
  </image>

  <image name="dedede">
    <fullname>King Dedede</fullname>
    <align>center</align>
  </image>

  <image name="krool">
    <fullname>King K. Rool</fullname>
    <align>center</align>
  </image>

  <image name="Kirby">
    <fullname>Kirby</fullname>
    <align>right</align>
  </image>

  <image name="Link">
    <fullname>Link</fullname>
    <align>center</align>
  </image>

  <image name="little mac">
    <fullname>Little Mac</fullname>
    <align>center</align>
  </image>

  <image name="Lucario">
    <fullname>Lucario</fullname>
    <align>center</align>
  </image>

  <image name="lucas">
    <fullname>Lucas</fullname>
    <align>center</align>
  </image>

  <image name="lucina">
    <fullname>Lucina</fullname>
    <align>center</align>
  </image>

  <image name="Luigi">
    <fullname>Luigi</fullname>
    <align>center</align>
  </image>

  <image name="Mario">
    <fullname>Mario</fullname>
    <align>center</align>
  </image>

  <image name="marth">
    <fullname>Marth</fullname>
    <align>center</align>
  </image>

  <image name="rockman">
    <fullname>Megaman</fullname>
    <align>center</align>
  </image>

  <image name="metaknight">
    <fullname>Metaknight</fullname>
    <align>center</align>
  </image>

  <image name="mewtwo">
    <fullname>Mewtwo</fullname>
    <align>center</align>
  </image>

  <image name="min min">
    <fullname>Min Min</fullname>
    <align>center</align>
  </image>

  <image name="mrgame">
    <fullname>Mr. Game & Watch</fullname>
    <align>center</align>
  </image>

  <image name="ness">
    <fullname>Ness</fullname>
    <align>center</align>
  </image>

  <image name="pikmin">
    <fullname>Olimar</fullname>
    <align>center</align>
  </image>

  <image name="trash">
    <fullname>Pac Man</fullname>
    <align>center</align>
  </image>

  <image name="palutena">
    <fullname>Palutena</fullname>
    <align>center</align>
  </image>

  <image name="Peach">
    <fullname>Peach</fullname>
    <align>center</align>
  </image>

  <image name="pichu">
    <fullname>Pichu</fullname>
    <align>center</align>
  </image>

  <image name="Pikachu">
    <fullname>Pikachu</fullname>
    <align>center</align>
  </image>

  <image name="piranha plant">
    <fullname>Piranha Plant</fullname>
    <align>center</align>
  </image>

  <image name="Pit">
    <fullname>Pit</fullname>
    <align>center</align>
  </image>

  <image name="pokemon trainer">
    <fullname>Pokemon Trainer</fullname>
    <align>center</align>
  </image>

  <image name="pokemon">
    <fullname>Ivysaur, Charizard, Squirtle</fullname>
    <align>center</align>
  </image>

  <image name="richter">
    <fullname>Richter</fullname>
    <align>center</align>
  </image>

  <image name="rob">
    <fullname>Rob</fullname>
    <align>center</align>
  </image>

  <image name="Robin female">
    <fullname>Robin</fullname>
    <align>center</align>
  </image>

  <image name="Robin male">
    <fullname>Robin</fullname>
    <align>center</align>
  </image>

  <image name="Robin">
    <fullname>Robin (M/F)</fullname>
    <align>center</align>
  </image>

  <image name="Rosalina & Luma">
    <fullname>Rosalina & Luma</fullname>
    <align>center</align>
  </image>

  <image name="roy">
    <fullname>Roy</fullname>
    <align>center</align>
  </image>

  <image name="ryu">
    <fullname>Ryu</fullname>
    <align>center</align>
  </image>

  <image name="Samus Aran">
    <fullname>Samus Aran</fullname>
    <align>center</align>
  </image>

  <image name="Sheik">
    <fullname>Sheik</fullname>
    <align>center</align>
  </image>

  <image name="shulk">
    <fullname>Shulk</fullname>
    <align>center</align>
  </image>

  <image name="simon">
    <fullname>Simon</fullname>
    <align>center</align>
  </image>

  <image name="snake">
    <fullname>Snake</fullname>
    <align>center</align>
  </image>

  <image name="sonic">
    <fullname>Sonic</fullname>
    <align>center</align>
  </image>

  <image name="squirtle">
    <fullname>Squirtle</fullname>
    <align>center</align>
  </image>

  <image name="steve">
    <fullname>Steve/Alex</fullname>
    <align>center</align>
  </image>

  <image name="terry">
    <fullname>Terry</fullname>
    <align>center</align>
  </image>

  <image name="Toon Link">
    <fullname>Toon Link</fullname>
    <align>center</align>
  </image>

  <image name="villager">
    <fullname>Villager</fullname>
    <align>center</align>
  </image>

  <image name="wario">
    <fullname>Wario</fullname>
    <align>center</align>
  </image>

  <image name="wii fit trainer">
    <fullname>Wii Fit Trainer</fullname>
    <align>center</align>
  </image>

  <image name="wolf">
    <fullname>Wolf</fullname>
    <align>center</align>
  </image>

  <image name="yoshi">
    <fullname>Yoshi</fullname>
    <align>center</align>
  </image>

  <image name="young link">
    <fullname>Young Link</fullname>
    <align>center</align>
  </image>

  <image name="zelda">
    <fullname>Zelda</fullname>
    <align>center</align>
  </image>

  <image name="zerosuit">
    <fullname>Zerosuit Samus</fullname>
    <align>center</align>
  </image>

  <image name="zomb">
    <fullname>Zombie</fullname>
    <align>center</align>
  </image>

</images>
