<songs>
  <song name="levelup">
    <title>DOCTOR VOX - Level Up</title>
    <source>https://www.youtube.com/watch?v=eUX39M_0MJ8</source>
    <rhythm>o...............x~....~.....o...........o.......x.......:.......~.......o~......x...........o...........o.......x.......:.......o.......:.......x......:....o...........o.......x.......:.......:..:..:.o.......x.....:.....o...........o.......x~......~.......o.......I.+.I.+.I.+.I.+.....o...........o.......x.......:.......~.......o.......x~....~.....o...........o.......x.......:.......o~..............x~..........o~..........o~......x~......~.......-----...=...~...-----+..-----+...I..I...o.......I~.............i</rhythm>
  </song>
</songs>
