﻿<songs>
  <song name="sadmachine_loop">
    <title>Sad Machine (Darren Styles & Gammer Remix)</title>
    <source>https://soundcloud.com/mrsuicidesheep/porter-robinson-sad-machine-darren-styles-gammer-remix</source>
    <rhythm>x.:.:.:.x.:.:.:.x.:.:.:.x.:.:.:.x.:.:.:.x.:.:.:.x.:.:.:.x.:.:.:.x.:.:.:.x.:.:.:.x.:.:.:.x.:.:.:.x.:.:.:.x.:.:.:.x.:.:.:.x.:.:.:.x.:.:.:.x.:.:.:.x.:.:.:.x.:.:.:.x.:.:.:.x.:.:.:.x.:.:.:.x.:.:.:.x.:.:.:.x.:.:.:.x.:.:.:.x.:.:.:.x.:.:.:.x.:.:.:.x.:.:.:.x.:.:.:.x.:.:.x.:.:.x.:.x.:.:.x.:.:.x.:.x.:.:.x.:.:.x.:.x.:.:.x.:.:.x.:.x.:.:.x.:.:.x.:.x.:.:.x.:.:.x.:.x.:.:.x.:.:.x.:.x.:.:.x.:.:.x.:.x:::::x:::::x:::x:::::x:::::x:::x:::::x:::::x:::x:::::x:::::x:::|||:::|||:::|||:|||:::|||:::|||:o.o.o.o.o.o.o.o.|||.|.|.|.|.|.|.o.:.x.:.o.:.x.:.o.:.x.:.o.:.x.:.o.:.x.:.o.:.x.:.o.:.x.:.o.:.x.:.o.:.x.:.o.:.x.:.o.:.x.:.o.:.x.:.o.:.x.:.o.:.x.:.o.:.x.:.o.:.I.:.I.:.x.:.o.:.x.:.o.:.x.:.o.:.x.:.o.:.x.:.o.:.x.:.o.:.x.:.o.:.x.:.o.:.x.:.o.:.x.:.o.:.x.:.o.:.x.:.o.:.x.:.o.:.x.:.I...|.|.|.|.|.|.I.:.x.:.o.:.x.:.o.:.x.:.o.:.x.:.o.:.x.:.o.:.x.:.o.:.x.:.o.:.x.:.o.:.x.:.o.:.x.:.o.:.x.:.o.:.x.:.o.:.x.:.o.:.x.:.o.:.x.:.=...=...o.:.x.:.o.:.x.:.o.:.x.:.o.:.x.:.o.:.x.:.o.:.x.:.o.:.x.:.o.:.x.:.o.:.x.:.o.:.x.xox.o.o.x.o.o.x.o.~.......~.......~.......~.......</rhythm>
    <buildup>sadmachine_build</buildup>
    <buildupRhythm>=.............~.................~.............~.................=.............~.................~.............~.................-.:.:.:.:.:.:.:.:.:.:.:.:.:.:.:.-.:.:.:.:.:.:.:.:.:.:.:.:.:.:.:.-.:.:.:.:.:.:.:.:.:.:.:.:.:.:.:.-.:.:.:.:.:.:.:.:.:.:.:.:.:.:.:</buildupRhythm>
  </song>
  <song name="edge_loop">
    <title>Karma Fields - Edge of the World</title>
    <source>https://soundcloud.com/karmafields/edge-of-the-world</source>
    <rhythm>=...||||o..-X.-.o:.:x.-:O-:.x.-.o..-X.-.O-..x...o..-X.-.O-..x---=...||||o..-X.-.o:.:x.-:O-:.x.-.o..-X.-.O-..x...o..-X.-.O-..x---=...||||o..-X.-.o:.:x.-:O-:.x.-.o..-X.-.O-..x...o..-X.-.O-..x---=...||||o..-X.-.o:.:x.-:O-:.x.-.o..-X.-.O-..x...o..-X.-.O-..x---=...||||o..-X.-.o:.:x.-:O-:.x.-.o..-X.-.O-..x...o..-X.-.O-..x---=...||||o..-X.-.o:.:x.-:O-:.x.-.o..-X.-.O-..x...o..-X.-.O-..x---</rhythm>
    <buildup>edge_build</buildup>
    <buildupRhythm>=...||||-+.-+.-+Ii+Ii+Ii+Ii+-+-+-+.-+.-+.-+.-+..-+.-+.-+.-+.||||=...||||-+.-+.-+Ii+Ii+Ii+Ii+-+-+-+.-+.-+.-+.-+..-+.-+.-+.-+.||||=...||||-+.-+.-+Ii+Ii+Ii+Ii+-+-+-+.-+.-+.-+.-+..-+.-+.-+.-+.||||=...||||-+.-+.-+Ii+Ii+Ii+Ii+-+-+-+.-+.-+.-+.-+.-+.-+.-+.=...x.x.</buildupRhythm>
  </song>
  <song name="thefunk-loop">
    <title>Prototyperaptor - Bring Back the Funk</title>
    <source>https://www.youtube.com/watch?v=amY8RZ3y57I</source>
    <rhythm>o...:...x..::...o...:...x...:...o...:...x..:~...~...-...x...:...o...:...x..::...o...:...x...:...o...:...x..:~.......:...x..::.:.o...:...x..::...o...:...x...:...o...:...x..:~...~...-...x..::.:.o...:...x..::...o...:...x...:...o...:...x..::...=...~...x...x...o...:...x..::...o...:...x...:...o...:...x..:~...~...-...x...:...o...:...x..::...o...:...x...:...o...:...x..:~.......:...x..::.:.o...:...x..::...o...:...x...:...o...:...x..:~...~...-...x..::.:.o...:...x..::...o...:...x...:...o...:...x..::...=...~...x...:...-.:.:.:.-.:.:.:.-.:.:.:.+.......</rhythm>
    <buildup>thefunk-build</buildup>
    <buildupRhythm>+...............</buildupRhythm>
  </song>
  <song name="wc_loop">
    <title>Mr Oizo - WC</title>
    <source>https://www.youtube.com/watch?v=mTwERz2vQkc</source>
    <rhythm>o...x...o...x...o...x...o...+...o...x...o...x...o...x...o...i...I...x...o...x...o...x...o...+...o...x...o...x...o...x...o...i...o...x...o...x...o...x...o...¤...o...x...o...x...o...x...o...i...I...x...o...x...o...x...o...¤...o...x...o...x...o...x...o...i...o~..x~..o~..x~..o~..x~..o~..+...o~..x~..o~..x~..o~..x~..o~..i...I~..x~..o~..x~..o~..x~..o~..+...-------------------------...+...o.::x.::o.::x.i.I.::x.::o.::x.i.I.::x.::o.::x.i.I.::x.::o.::+...o.::x.::o.::x.i.I.::x.::o.::x.i.I.::x.::o.::x.i.I.::x.::o.::xx+.</rhythm>
    <buildup>wc_build</buildup>
    <buildupRhythm>o...x...o...x...o...x...o...x...o...x...o...x...o...x...o...+...o.::x.::o.::x.::o.::x.::o.::x.::o.::x.::o.::x.::o.::x.::o.::+...</buildupRhythm>
  </song>
  <song name="age-loop">
    <title>Mitchie M - Age Age Again</title>
    <source>https://www.youtube.com/watch?v=uwwU55zBYlQ</source>
    <rhythm>o...x...o.x.....x.....x.....o.x.......o...x.....o.x...x.....x.....o.x.......o...x...o.x.....x.....x.....o.x.......=...=...=.........=...................o...x.......o.x....o....x.o...o..x....o.o.x......o.x....o....x......oox..x.o.o..x......o.x....o....x.o....o..x...o.o.x.......o.x.....o.oox..x..xo..x..xo....:..o......x...o....:.o......x....o....:.o.......x....o...:.o......x....o....:..o......x....o...:..o.....x....-...-...-.-...-..-..+........x.+.x.+..o....x...o.x.....o...o..x...o.x.......o....x...o.x.....o...o..x....o...x.o.xo...x....o.x....o....o..x...o.x.......o.o..x....o.x...o....o.x....o.x....+..............................I.i.I.i.o...o.x......o..x....o.o.x.....xo.x..o....o.x......o.x....o.o.x..o..xo.x..o....o..x......o..x...o..o.x.....xo..x..xo....x....o.o.x....o.o..x....xxxxxxxo....o..x.....o..x....o.o..x....xo..x..o...o.x......o..x....o.o..x.o..xo..x.o....o..x.....o..x....o.o..x....xo..x...o.o..x......oox.....=........=........o..+.o.+..o.+.o..+.o..+.o..+.o.+.o..+.o+.o+o+.o+o+o+.o+o+||||||||||||||+....</rhythm>
    <buildup>age-build</buildup>
    <buildupRhythm>.......=...~......</buildupRhythm>
  </song>
  <song name="crysteena-loop">
    <title>Mille - Crysteena</title>
    <source>https://www.youtube.com/watch?v=Yvvizr8wCvM</source>
    <rhythm>o...:...x...:...o...:...x...:...o...:...x...:...o...:...x...:...o...:...x...:...o...:...x...:...o...:...x...:...o...:...x...o.x.o...:...x...:...o...:...x...:...o...:...x...:...o...:...x...:...o...:...x...:...o...:...x...:...o...:...x...:...o...:...|...|...o...:...x...:...o...:...x...:...o...:...x...:...o...:...x...:...o...:...x...:...o...:...x...:...o...:...x...:...o...:...|...|...o...:...x...:...o...:...x...:...o...:...x...:...o...:...|...o.....o.....x...:...o...:...x...:...o...:...x...:...o..xx....xx...o.</rhythm>
    <buildup>crysteena-build</buildup>
    <buildupRhythm>=...............=.......~.....=...........................-.:.:.=...............=.............=.............~.............-.:.:.=...............=.......~.....=.........................~.~...=.................=.............=.............~...................=...............=.......~.....=.................................=...............-...:.=.......=.........~...~.............-.:.:.=...............=.......~.....=.........................=.....~.................=.............=.............=.=.=.=.=.=.=.=.=.=.</buildupRhythm>
    <independentBuild>true</independentBuild>
  </song>
  <song name="finalblow_loop">
    <title>aKu - The Final Blow</title>
    <source>https://soundcloud.com/akuofficial/aku-the-final-blow</source>
    <rhythm>o.:.xo:.:.:ox.:.o.:.x.:oo.:.x.o.o.:.x.:.:.:.x.:.o.:.x.:o:o:.x.:o</rhythm>
    <buildup>finalblow_build</buildup>
    <buildupRhythm>=.:...::=......-:.~...-::.:.-::.=.:...=...::-...-...=..-..+.....</buildupRhythm>
  </song>
  <song name="macross-loop">
    <title>ミュン・ファン・ローン - MACROSS 82-99</title>
    <source>https://soundcloud.com/macross-82-99/i9nlgjrlg3iv</source>
    <rhythm>o.:.:.:.x::::::::::o....x.:.:.:.o.:.:.:.x::::::::::o....x.:.:.:.o.:.:.:.x::::::::::o....x.:.:.:.o.:.:.:.x::::::::::o....x.:.:.:.o.:.:.:.x::::::::::o....x.:.:.:.o.:.:.:.x::::::::::o....x.:.:.:.o.:.:.:.x::::::::::o....x.:.:.:.o.:.:.:.x::::::::::o....x..x..x.o.:.:.:.x::::::::::o::::x:::::::o:::::::x::::::::::o::::x:::::::o:::::::x::::::::::o::::x:::::::o:::::::x::::::::::o::::x:::::::o.:.:.:.x::::::::::o....x.:.:.:.o.:.:.:.x::::::::::o....x.:.:.:.o.:.:.:.x::::::::::o....x.:.:.:.o.:.:.:.x:::::::=...=...=...+...</rhythm>
    <buildup>macross-build</buildup>
    <buildupRhythm>x..xxx.o.o...x.xxx.o.o...ox..x.xxx.xxx.o.o..x.xxx.o.o...o.xxxxxx-.-.-.-.-.-.-.-.-.-.-.-.-.-.-..=................................</buildupRhythm>
  </song>
  <song name="shop-channel-loop">
    <title>Wii Shop Channel</title>
    <source>https://www.youtube.com/watch?v=8avMLHvLwRQ</source>
    <rhythm>.-.-...-.-...-.-...-.-...........-.-...-.-...-.-...-.-...........-.-...-.-...-.-...-.-...........-.-...-.-...-.-...-.-..........x.......-...-.=.................:....-.-.-.-.-.=.......+........x..-.-....-...=....-.-....-...=................:...-.-.-.-.+.....-.-...-.-...-.-...-.-....~....:.-.-...-.-...-.-...-.-...~.....:.-.-...-.-...-.-...-.-....~....:.-.-...-.-...-.-...-.-...~......x..-.-...-....=..................-...-.-.-.-.-.=.......+.......-.-.-.-.-...:.:.:...-.-.-.-.-...-.-.-.-.-...:.:.:...+...-----...+</rhythm>
    <buildup>shop-channel-build</buildup>
    <buildupRhythm>x.x.x.x.x...x.x.x.x.x...-----...o.....o.o.....o.o.....o.o.+......</buildupRhythm>
  </song>
  <song name="lobster_loop">
    <title>Björn Olsson - Låt i H-moll</title>
    <source>https://www.youtube.com/watch?v=iWaapX9sq5g</source>
    <rhythm>:.:.:.x....:.:.:.:.x.............x.:.:.:.:.:.x.:.:..x..:.:.o...o....o..:.:.x.:.:..:.:.:..x.x.x..x.:.:.:.:.:.x.x.x..x.x.....................:.:.:..x.x.x.x..:.:.:..:.:.x.x.x.x..:.:.:.:.:.x.:.:..x....x...x.:.:.:.:.:..x.:.:.x.x.x.x..:.:.:.:........x.:.:..:.:.:.x.x.x..x.:.:.:........x.:.:.x.x.:..x.:.:.:.:.:.x.x.x.x..:.:.:.:.:.x..x.x.x.:.:.:.:.........x.x.x..x.:.:.:.:.:..x.x.x..x.:.:.:.:...............x..x.x.x.x.x.x...x..:.:.x.:.:.:.:.:.x.:.:..:.:.:..x.:.:.x.:.:..x.:.:..:.:.:.x.:.:.:..:.:.:.x.:..:.:.:.:.x.:.:..:.:.:..x.x.:.:.x.:.:.x.:.:.:..:.:.:.x.:.:..:.:.:.x.:.:..:.:.:.x..:.:.:.:.:.:.:.:.:..x.:..:.:.:.:.x.x.x.x..:.:.:.:.:.:..:.:.x.x..x.x.:.:.:.:.:.x..x.x.x.:.:.:.:.:.x..:.:.x.:.:..:.:.:.x.:.:..:.:.:.x.x.x...................x.:.:.:.:..:.x.x.:.x..:.:.:.:.:.x..:.:.:..:.:.x.:.:.:.:.:..x.:.:.:.:..:.x.:.:.:.:.:.:.:..:.:.x.:.:.:.:.:..:.:.:.:.x..:.:.:.:.:.x.:.:..:.:.:.x.:.:.:.:..:.x.x.:.:.:..:.:.x.:.:.:..:.:.x.:.:.:..:.:.x.:.:.x.:..:.x.:.:..x.:.:.:.:.:.x.:.:..:.:.:.x.:.:..:.:.:.x.:..:.:.:.:.x.:.:.:..:.:.x..:.:.:.:.:..x.:.</rhythm>
    <buildup>lobster_build</buildup>
    <buildupRhythm>+...........................................................................................-....-...-....-........-....-...-...-........-....-....x.:.:.:.:..:.x.....................x..:.:.:.:.:.x......................x..:.:.:.:.:.x..:.:..</buildupRhythm>
  </song>
</songs>